posX0;posY0;posZ0;posVel0;rotX0;rotY0;rotZ0;rotVel0;confidence0;posX1;posY1;posZ1;posVel1;rotX1;rotY1;rotZ1;rotVel1;confidence1;posX2;posY2;posZ2;posVel2;rotX2;rotY2;rotZ2;rotVel2;confidence2;posX3;posY3;posZ3;posVel3;rotX3;rotY3;rotZ3;rotVel3;confidence3;posX4;posY4;posZ4;posVel4;rotX4;rotY4;rotZ4;rotVel4;confidence4;posX5;posY5;posZ5;posVel5;rotX5;rotY5;rotZ5;rotVel5;confidence5;posX6;posY6;posZ6;posVel6;rotX6;rotY6;rotZ6;rotVel6;confidence6;posX7;posY7;posZ7;posVel7;rotX7;rotY7;rotZ7;rotVel7;confidence7;posX8;posY8;posZ8;posVel8;rotX8;rotY8;rotZ8;rotVel8;confidence8;posX9;posY9;posZ9;posVel9;rotX9;rotY9;rotZ9;rotVel9;confidence9;posX10;posY10;posZ10;posVel10;rotX10;rotY10;rotZ10;rotVel10;confidence10;posX11;posY11;posZ11;posVel11;rotX11;rotY11;rotZ11;rotVel11;confidence11;posX12;posY12;posZ12;posVel12;rotX12;rotY12;rotZ12;rotVel12;confidence12;posX13;posY13;posZ13;posVel13;rotX13;rotY13;rotZ13;rotVel13;confidence13;posX14;posY14;posZ14;posVel14;rotX14;rotY14;rotZ14;rotVel14;confidence14;posX15;posY15;posZ15;posVel15;rotX15;rotY15;rotZ15;rotVel15;confidence15;posX16;posY16;posZ16;posVel16;rotX16;rotY16;rotZ16;rotVel16;confidence16;posX17;posY17;posZ17;posVel17;rotX17;rotY17;rotZ17;rotVel17;confidence17;posX18;posY18;posZ18;posVel18;rotX18;rotY18;rotZ18;rotVel18;confidence18;posX19;posY19;posZ19;posVel19;rotX19;rotY19;rotZ19;rotVel19;confidence19;posX20;posY20;posZ20;posVel20;rotX20;rotY20;rotZ20;rotVel20;confidence20;posX21;posY21;posZ21;posVel21;rotX21;rotY21;rotZ21;rotVel21;confidence21;posX22;posY22;posZ22;posVel22;rotX22;rotY22;rotZ22;rotVel22;confidence22;posX23;posY23;posZ23;posVel23;rotX23;rotY23;rotZ23;rotVel23;confidence23;posX24;posY24;posZ24;posVel24;rotX24;rotY24;rotZ24;rotVel24;confidence24;posX25;posY25;posZ25;posVel25;rotX25;rotY25;rotZ25;rotVel25;confidence25;posX26;posY26;posZ26;posVel26;rotX26;rotY26;rotZ26;rotVel26;confidence26;posX27;posY27;posZ27;posVel27;rotX27;rotY27;rotZ27;rotVel27;confidence27;posX28;posY28;posZ28;posVel28;rotX28;rotY28;rotZ28;rotVel28;confidence28;posX29;posY29;posZ29;posVel29;rotX29;rotY29;rotZ29;rotVel29;confidence29;posX30;posY30;posZ30;posVel30;rotX30;rotY30;rotZ30;rotVel30;confidence30;posX31;posY31;posZ31;posVel31;rotX31;rotY31;rotZ31;rotVel31;confidence31;TimeStamp
0.000000;-150.000000;2000.000000;0.000000;0.000000;0.000000;0.000000;0.000000;2.000000;5.361206;-322.715424;1999.801758;0.000000;0.000000;0.000000;0.000000;0.000000;2.000000;9.374146;-460.799072;1999.019287;0.000000;0.000000;0.000000;0.000000;0.000000;2.000000;9.171753;-670.091125;1978.639648;0.000000;0.000000;0.000000;0.000000;0.000000;2.000000;36.853516;-634.138977;1964.675537;0.000000;0.000000;0.000000;0.000000;0.000000;2.000000;131.368103;-566.479187;1889.441162;0.000000;0.000000;0.000000;0.000000;0.000000;2.000000;158.669922;-302.864014;1851.996582;0.000000;0.000000;0.000000;0.000000;0.000000;2.000000;109.089294;-90.227417;1799.140503;0.000000;0.000000;0.000000;0.000000;0.000000;2.000000;63.135193;-28.643539;1852.001587;0.000000;0.000000;0.000000;0.000000;0.000000;0.000000;22.845947;40.335037;1919.619141;0.000000;0.000000;0.000000;0.000000;0.000000;0.000000;35.109009;-5.860180;1853.638672;0.000000;0.000000;0.000000;0.000000;0.000000;0.000000;-17.218994;-637.038757;2000.958008;0.000000;0.000000;0.000000;0.000000;0.000000;2.000000;-120.479492;-600.683105;2066.077148;0.000000;0.000000;0.000000;0.000000;0.000000;2.000000;-173.325317;-359.894684;2182.718018;0.000000;0.000000;0.000000;0.000000;0.000000;1.000000;-236.692993;-143.532120;2152.322021;0.000000;0.000000;0.000000;0.000000;0.000000;1.000000;-213.259888;-110.262070;2244.129150;0.000000;0.000000;0.000000;0.000000;0.000000;0.000000;-266.441406;-36.998253;2292.984375;0.000000;0.000000;0.000000;0.000000;0.000000;0.000000;-334.631592;-81.683220;2229.570068;0.000000;0.000000;0.000000;0.000000;0.000000;0.000000;80.861267;-147.449341;1964.578125;0.000000;0.000000;0.000000;0.000000;0.000000;2.000000;26.702271;234.275223;2005.879150;0.000000;0.000000;0.000000;0.000000;0.000000;2.000000;0.020630;536.256714;2218.997070;0.000000;0.000000;0.000000;0.000000;0.000000;2.000000;-71.463379;681.588623;2137.184570;0.000000;0.000000;0.000000;0.000000;0.000000;2.000000;-72.916138;-152.300034;2031.941406;0.000000;0.000000;0.000000;0.000000;0.000000;2.000000;-149.583984;227.247910;2041.660156;0.000000;0.000000;0.000000;0.000000;0.000000;2.000000;-98.832642;534.928711;2248.988525;0.000000;0.000000;0.000000;0.000000;0.000000;2.000000;-166.053833;682.497986;2209.300293;0.000000;0.000000;0.000000;0.000000;0.000000;2.000000;1.845581;-746.718933;1960.352539;0.000000;0.000000;0.000000;0.000000;0.000000;2.000000;-105.103027;-767.643921;1849.232910;0.000000;0.000000;0.000000;0.000000;0.000000;2.000000;-85.252075;-812.082581;1873.112061;0.000000;0.000000;0.000000;0.000000;0.000000;2.000000;20.132935;-841.453552;1928.862549;0.000000;0.000000;0.000000;0.000000;0.000000;2.000000;-118.859619;-781.450989;1895.398926;0.000000;0.000000;0.000000;0.000000;0.000000;2.000000;-84.507568;-754.710693;2014.601563;0.000000;0.000000;0.000000;0.000000;0.000000;1.000000;9099033600.000000
0.000000;-150.000000;2000.000000;0.000000;0.000000;0.000000;0.000000;0.000000;2.000000;7.248657;-327.725647;2001.433594;0.170810;0.000000;0.000000;0.000000;0.000000;2.000000;15.679199;-469.417023;2010.091064;0.469422;0.000000;0.000000;0.000000;0.000000;2.000000;16.044067;-683.591309;1978.687988;0.462305;0.000000;0.000000;0.000000;0.000000;2.000000;46.134888;-646.289551;1969.126465;0.485978;0.000000;0.000000;0.000000;0.000000;2.000000;147.845337;-576.350891;1897.862549;0.640047;0.000000;0.000000;0.000000;0.000000;2.000000;206.432373;-309.783691;1860.120239;1.493531;0.000000;0.000000;0.000000;0.000000;2.000000;149.157043;-98.167450;1786.529663;1.304605;0.000000;0.000000;0.000000;0.000000;2.000000;93.180298;-38.570953;1836.854126;1.070601;0.000000;0.000000;0.000000;0.000000;0.000000;55.954956;20.162785;1919.143555;1.183261;0.000000;0.000000;0.000000;0.000000;0.000000;74.016357;-9.221497;1837.109253;1.294140;0.000000;0.000000;0.000000;0.000000;0.000000;-13.086182;-650.375000;2000.404053;0.426420;0.000000;0.000000;0.000000;0.000000;2.000000;-133.669556;-628.897461;2047.217041;1.111163;0.000000;0.000000;0.000000;0.000000;2.000000;-241.229736;-412.522766;2190.141357;2.631570;0.000000;0.000000;0.000000;0.000000;2.000000;-304.703979;-196.964249;2124.220947;2.775281;0.000000;0.000000;0.000000;0.000000;2.000000;-337.703369;-158.499863;2214.320068;4.173400;0.000000;0.000000;0.000000;0.000000;0.000000;-380.369141;-92.350693;2285.158203;3.872808;0.000000;0.000000;0.000000;0.000000;0.000000;-313.847412;-113.104919;2190.229248;1.662299;0.000000;0.000000;0.000000;0.000000;0.000000;85.677002;-146.749466;1969.767334;0.217102;0.000000;0.000000;0.000000;0.000000;2.000000;-2.240967;239.608536;2017.949219;0.970748;0.000000;0.000000;0.000000;0.000000;2.000000;-61.762329;578.193237;2183.282715;2.526022;0.000000;0.000000;0.000000;0.000000;2.000000;-143.456665;722.470947;2097.264893;2.804959;0.000000;0.000000;0.000000;0.000000;2.000000;-77.258789;-152.931152;2027.262207;0.195769;0.000000;0.000000;0.000000;0.000000;2.000000;-138.399414;238.066467;1978.646484;1.980790;0.000000;0.000000;0.000000;0.000000;2.000000;-77.655518;560.489685;2181.004150;2.308813;0.000000;0.000000;0.000000;0.000000;2.000000;-131.399658;711.623596;2119.331055;3.073603;0.000000;0.000000;0.000000;0.000000;2.000000;9.895386;-761.381042;1955.355957;0.532742;0.000000;0.000000;0.000000;0.000000;2.000000;-98.458862;-786.750977;1840.097778;0.677377;0.000000;0.000000;0.000000;0.000000;2.000000;-65.746582;-829.720276;1854.167847;0.989088;0.000000;0.000000;0.000000;0.000000;2.000000;50.293945;-842.087341;1902.727539;1.218078;0.000000;0.000000;0.000000;0.000000;2.000000;-105.561279;-813.483154;1883.640137;1.117616;0.000000;0.000000;0.000000;0.000000;2.000000;-70.383545;-803.349182;2009.040039;1.554936;0.000000;0.000000;0.000000;0.000000;2.000000;9099066368.000000
0.000000;-150.000000;2000.000000;0.000000;0.000000;0.000000;0.000000;0.000000;2.000000;15.066284;-328.303284;1990.439209;0.399586;0.000000;0.000000;0.000000;0.000000;2.000000;27.453369;-470.890839;1984.285156;0.840534;0.000000;0.000000;0.000000;0.000000;2.000000;29.361694;-688.203918;1966.299561;0.555296;0.000000;0.000000;0.000000;0.000000;2.000000;60.503296;-651.285950;1956.759766;0.580163;0.000000;0.000000;0.000000;0.000000;2.000000;171.530457;-586.738892;1892.549072;0.781344;0.000000;0.000000;0.000000;0.000000;2.000000;258.097107;-326.566528;1849.445190;1.638294;0.000000;0.000000;0.000000;0.000000;2.000000;198.559875;-115.782501;1770.095703;1.626529;0.000000;0.000000;0.000000;0.000000;2.000000;134.770081;-51.485680;1804.025391;1.613887;0.000000;0.000000;0.000000;0.000000;0.000000;94.953857;13.864328;1880.987793;1.625302;0.000000;0.000000;0.000000;0.000000;0.000000;119.162720;-20.334209;1798.033936;1.797276;0.000000;0.000000;0.000000;0.000000;0.000000;-1.466797;-653.455505;1983.666260;0.609822;0.000000;0.000000;0.000000;0.000000;2.000000;-121.310791;-624.452332;2031.041504;0.616601;0.000000;0.000000;0.000000;0.000000;2.000000;-242.120972;-426.440277;2192.844238;0.420381;0.000000;0.000000;0.000000;0.000000;2.000000;-279.668457;-210.783630;2104.889404;1.021471;0.000000;0.000000;0.000000;0.000000;2.000000;-337.641235;-143.623047;2159.418945;1.683271;0.000000;0.000000;0.000000;0.000000;0.000000;-381.259644;-84.846939;2237.028809;1.441731;0.000000;0.000000;0.000000;0.000000;0.000000;-303.674072;-112.827026;2128.368652;1.855237;0.000000;0.000000;0.000000;0.000000;0.000000;88.917358;-141.404114;1979.811523;0.350095;0.000000;0.000000;0.000000;0.000000;2.000000;-1.966919;246.702744;2032.732422;0.485309;0.000000;0.000000;0.000000;0.000000;2.000000;-79.126099;599.991211;2162.772217;1.023985;0.000000;0.000000;0.000000;0.000000;2.000000;-148.036987;716.512878;2032.079102;1.941808;0.000000;0.000000;0.000000;0.000000;2.000000;-80.180786;-157.751282;2018.205078;0.315692;0.000000;0.000000;0.000000;0.000000;2.000000;-120.354614;238.521011;1966.301758;0.647138;0.000000;0.000000;0.000000;0.000000;2.000000;-125.197998;598.200867;2112.612793;2.705727;0.000000;0.000000;0.000000;0.000000;2.000000;-174.922974;713.221252;1993.158203;3.949993;0.000000;0.000000;0.000000;0.000000;2.000000;24.692017;-767.888489;1947.314941;0.534267;0.000000;0.000000;0.000000;0.000000;2.000000;-67.664063;-793.935120;1817.539795;1.149479;0.000000;0.000000;0.000000;0.000000;2.000000;-31.445068;-834.505859;1831.781738;1.220370;0.000000;0.000000;0.000000;0.000000;2.000000;80.246826;-838.717163;1892.778564;0.939316;0.000000;0.000000;0.000000;0.000000;2.000000;-76.150024;-825.602966;1857.858765;1.211713;0.000000;0.000000;0.000000;0.000000;2.000000;-55.801636;-823.826965;1987.863770;0.972702;0.000000;0.000000;0.000000;0.000000;2.000000;9099100160.000000
0.000000;-150.000000;2000.000000;0.000000;0.000000;0.000000;0.000000;0.000000;2.000000;22.159912;-325.799652;1974.742188;0.531202;0.000000;0.000000;0.000000;0.000000;2.000000;39.434326;-467.418091;1963.796875;0.732023;0.000000;0.000000;0.000000;0.000000;2.000000;43.778198;-684.291626;1944.133057;0.815736;0.000000;0.000000;0.000000;0.000000;2.000000;75.460083;-647.233887;1937.730713;0.748913;0.000000;0.000000;0.000000;0.000000;2.000000;194.722473;-591.049194;1881.273682;0.797895;0.000000;0.000000;0.000000;0.000000;2.000000;282.506104;-332.186737;1834.976685;0.882757;0.000000;0.000000;0.000000;0.000000;2.000000;224.191956;-122.679382;1752.219604;0.976622;0.000000;0.000000;0.000000;0.000000;2.000000;157.411316;-57.643250;1777.576538;1.078995;0.000000;0.000000;0.000000;0.000000;0.000000;125.493896;4.584757;1860.403076;1.159080;0.000000;0.000000;0.000000;0.000000;0.000000;137.749878;-30.059021;1767.853394;1.121669;0.000000;0.000000;0.000000;0.000000;0.000000;11.433594;-649.842529;1958.989258;0.856902;0.000000;0.000000;0.000000;0.000000;2.000000;-113.205933;-626.707031;1995.549561;1.113139;0.000000;0.000000;0.000000;0.000000;2.000000;-245.065796;-457.149445;2179.010742;1.031788;0.000000;0.000000;0.000000;0.000000;2.000000;-302.548340;-253.468323;2075.416504;1.730140;0.000000;0.000000;0.000000;0.000000;2.000000;-303.261963;-151.369446;2055.554443;3.347178;0.000000;0.000000;0.000000;0.000000;0.000000;-315.012817;-45.755077;2063.372559;5.796196;0.000000;0.000000;0.000000;0.000000;0.000000;-265.681396;-148.559158;2030.058838;3.396244;0.000000;0.000000;0.000000;0.000000;0.000000;90.685791;-139.368393;2005.565186;0.790236;0.000000;0.000000;0.000000;0.000000;2.000000;24.937744;244.281067;2104.537109;2.341245;0.000000;0.000000;0.000000;0.000000;2.000000;-62.626831;542.760376;2329.415039;5.400613;0.000000;0.000000;0.000000;0.000000;2.000000;-50.997437;723.766846;2280.175537;8.132871;0.000000;0.000000;0.000000;0.000000;2.000000;-81.775391;-159.586990;1994.981689;0.712596;0.000000;0.000000;0.000000;0.000000;2.000000;-144.615723;233.524094;1945.253174;0.991992;0.000000;0.000000;0.000000;0.000000;2.000000;-193.243408;613.095215;2008.533936;3.821945;0.000000;0.000000;0.000000;0.000000;2.000000;-218.184326;711.639648;1868.649170;4.022831;0.000000;0.000000;0.000000;0.000000;2.000000;41.125977;-763.717285;1924.121338;0.876772;0.000000;0.000000;0.000000;0.000000;2.000000;-36.236694;-809.622314;1790.346191;1.355633;0.000000;0.000000;0.000000;0.000000;2.000000;-7.970581;-849.191040;1818.426514;0.938170;0.000000;0.000000;0.000000;0.000000;2.000000;93.193848;-850.437866;1895.493408;0.539368;0.000000;0.000000;0.000000;0.000000;2.000000;-54.014893;-830.005493;1834.646851;0.988006;0.000000;0.000000;0.000000;0.000000;2.000000;-50.597534;-800.193970;1962.620117;1.067175;0.000000;0.000000;0.000000;0.000000;1.000000;9099132928.000000
0.000000;-150.000000;2000.000000;0.000000;0.000000;0.000000;0.000000;0.000000;2.000000;21.204956;-325.939545;1982.211426;0.222873;0.000000;0.000000;0.000000;0.000000;2.000000;37.953613;-466.946991;1971.729248;0.239202;0.000000;0.000000;0.000000;0.000000;2.000000;46.108643;-682.672241;1952.462891;0.260416;0.000000;0.000000;0.000000;0.000000;2.000000;77.235718;-645.322388;1946.947754;0.283475;0.000000;0.000000;0.000000;0.000000;2.000000;195.189636;-583.847534;1895.237793;0.465161;0.000000;0.000000;0.000000;0.000000;2.000000;285.693054;-328.315613;1844.061035;0.307064;0.000000;0.000000;0.000000;0.000000;2.000000;236.837463;-118.535744;1759.102783;0.443356;0.000000;0.000000;0.000000;0.000000;2.000000;185.408508;-46.465118;1796.543579;1.053995;0.000000;0.000000;0.000000;0.000000;0.000000;143.794312;20.883595;1869.814453;0.776850;0.000000;0.000000;0.000000;0.000000;0.000000;143.773315;-29.685650;1795.123291;0.826518;0.000000;0.000000;0.000000;0.000000;0.000000;13.003052;-648.881348;1966.312256;0.223447;0.000000;0.000000;0.000000;0.000000;2.000000;-113.525269;-623.270752;1990.210693;0.188126;0.000000;0.000000;0.000000;0.000000;2.000000;-280.653442;-461.569672;2148.116943;1.400726;0.000000;0.000000;0.000000;0.000000;2.000000;-310.789429;-239.746185;2078.371338;0.481685;0.000000;0.000000;0.000000;0.000000;2.000000;-273.013916;-151.480240;2039.701172;1.010620;0.000000;0.000000;0.000000;0.000000;0.000000;-210.594238;-71.402740;2009.142822;3.563679;0.000000;0.000000;0.000000;0.000000;0.000000;-245.534058;-146.028091;2028.789795;0.602075;0.000000;0.000000;0.000000;0.000000;0.000000;90.253296;-139.717072;2005.882324;0.018930;0.000000;0.000000;0.000000;0.000000;2.000000;38.699951;243.208679;2108.037109;0.421423;0.000000;0.000000;0.000000;0.000000;2.000000;1.206909;547.390259;2335.967773;1.903883;0.000000;0.000000;0.000000;0.000000;2.000000;-50.503784;726.291565;2318.721680;1.143226;0.000000;0.000000;0.000000;0.000000;2.000000;-81.385254;-159.272552;1994.695801;0.017072;0.000000;0.000000;0.000000;0.000000;2.000000;-163.510376;225.705475;1928.143311;0.789017;0.000000;0.000000;0.000000;0.000000;2.000000;-238.191895;602.653931;1892.052979;3.707637;0.000000;0.000000;0.000000;0.000000;2.000000;-277.893677;688.275574;1748.175659;4.038626;0.000000;0.000000;0.000000;0.000000;2.000000;45.232178;-761.746399;1932.546631;0.283429;0.000000;0.000000;0.000000;0.000000;2.000000;-28.888672;-792.571716;1793.660278;0.558120;0.000000;0.000000;0.000000;0.000000;2.000000;-3.891235;-835.486877;1819.266724;0.423861;0.000000;0.000000;0.000000;0.000000;2.000000;93.603882;-848.201233;1898.952026;0.122490;0.000000;0.000000;0.000000;0.000000;2.000000;-49.251343;-815.279236;1835.342773;0.458486;0.000000;0.000000;0.000000;0.000000;2.000000;-49.164185;-795.965576;1964.708008;0.145857;0.000000;0.000000;0.000000;0.000000;1.000000;9099166720.000000
0.000000;-150.000000;2000.000000;0.000000;0.000000;0.000000;0.000000;0.000000;2.000000;20.422607;-326.120544;1981.387695;0.034043;0.000000;0.000000;0.000000;0.000000;2.000000;36.615356;-467.158386;1968.791260;0.095743;0.000000;0.000000;0.000000;0.000000;2.000000;43.636108;-682.746277;1945.593262;0.216069;0.000000;0.000000;0.000000;0.000000;2.000000;75.113037;-645.477783;1941.211914;0.181048;0.000000;0.000000;0.000000;0.000000;2.000000;194.349854;-583.770386;1892.424561;0.086912;0.000000;0.000000;0.000000;0.000000;2.000000;286.794495;-328.148987;1843.794922;0.033893;0.000000;0.000000;0.000000;0.000000;2.000000;243.304565;-116.785713;1759.238037;0.198303;0.000000;0.000000;0.000000;0.000000;2.000000;194.220276;-35.615551;1775.389404;0.750316;0.000000;0.000000;0.000000;0.000000;0.000000;147.665771;38.414394;1838.720825;1.062514;0.000000;0.000000;0.000000;0.000000;0.000000;166.841187;-13.013777;1750.578491;1.564314;0.000000;0.000000;0.000000;0.000000;0.000000;10.526978;-648.961182;1959.616211;0.211282;0.000000;0.000000;0.000000;0.000000;2.000000;-116.891113;-623.989502;1979.881592;0.322189;0.000000;0.000000;0.000000;0.000000;2.000000;-293.856079;-462.984314;2127.957275;0.714360;0.000000;0.000000;0.000000;0.000000;2.000000;-324.698975;-241.573608;2056.471436;0.769652;0.000000;0.000000;0.000000;0.000000;2.000000;-293.249634;-153.144623;2012.594727;1.002237;0.000000;0.000000;0.000000;0.000000;0.000000;-265.726440;-58.957432;1972.155518;1.998885;0.000000;0.000000;0.000000;0.000000;0.000000;-262.720337;-146.788712;2005.454834;0.857919;0.000000;0.000000;0.000000;0.000000;0.000000;90.364258;-140.190186;2006.326660;0.019486;0.000000;0.000000;0.000000;0.000000;2.000000;39.072510;242.170547;2112.169678;0.126575;0.000000;0.000000;0.000000;0.000000;2.000000;-0.201050;542.105652;2345.969482;0.337337;0.000000;0.000000;0.000000;0.000000;2.000000;-55.912109;720.370422;2333.223145;0.490386;0.000000;0.000000;0.000000;0.000000;2.000000;-81.485352;-158.845963;1994.295166;0.017570;0.000000;0.000000;0.000000;0.000000;2.000000;-171.490723;221.257370;1909.977295;0.601743;0.000000;0.000000;0.000000;0.000000;2.000000;-255.841675;592.776672;1845.825928;1.493195;0.000000;0.000000;0.000000;0.000000;2.000000;-287.964233;668.631470;1694.567261;1.715660;0.000000;0.000000;0.000000;0.000000;2.000000;42.523682;-761.504639;1924.172119;0.260563;0.000000;0.000000;0.000000;0.000000;2.000000;-17.830322;-791.037109;1778.335449;0.561088;0.000000;0.000000;0.000000;0.000000;2.000000;9.306885;-832.881104;1803.652588;0.609915;0.000000;0.000000;0.000000;0.000000;2.000000;101.514771;-841.036133;1890.132202;0.409740;0.000000;0.000000;0.000000;0.000000;2.000000;-38.919556;-817.957458;1817.109009;0.625234;0.000000;0.000000;0.000000;0.000000;2.000000;-50.283325;-806.254272;1947.013916;0.606610;0.000000;0.000000;0.000000;0.000000;1.000000;9099200512.000000
0.000000;-150.000000;2000.000000;0.000000;0.000000;0.000000;0.000000;0.000000;2.000000;22.124634;-322.964508;1979.315430;0.126388;0.000000;0.000000;0.000000;0.000000;2.000000;38.548218;-462.123657;1970.846680;0.176130;0.000000;0.000000;0.000000;0.000000;2.000000;47.953979;-674.763916;1951.936890;0.337911;0.000000;0.000000;0.000000;0.000000;2.000000;79.096558;-637.992798;1949.607300;0.364140;0.000000;0.000000;0.000000;0.000000;2.000000;201.572937;-581.554443;1909.468628;0.568957;0.000000;0.000000;0.000000;0.000000;2.000000;288.140503;-326.015076;1875.050903;0.956959;0.000000;0.000000;0.000000;0.000000;2.000000;251.660034;-121.419411;1780.586914;0.713785;0.000000;0.000000;0.000000;0.000000;2.000000;211.947510;-35.736801;1788.586914;0.674462;0.000000;0.000000;0.000000;0.000000;0.000000;174.793457;29.507694;1863.910522;1.161979;0.000000;0.000000;0.000000;0.000000;0.000000;203.262756;-5.535782;1829.232422;2.655010;0.000000;0.000000;0.000000;0.000000;0.000000;14.219727;-641.419922;1962.513184;0.271073;0.000000;0.000000;0.000000;0.000000;2.000000;-114.285034;-628.076050;1970.454102;0.323499;0.000000;0.000000;0.000000;0.000000;2.000000;-272.252563;-445.473907;2106.495850;1.071997;0.000000;0.000000;0.000000;0.000000;2.000000;-324.473267;-229.990173;2041.065430;0.588263;0.000000;0.000000;0.000000;0.000000;2.000000;-272.608765;-148.106659;2009.144775;0.656893;0.000000;0.000000;0.000000;0.000000;0.000000;-247.050781;-54.022938;1971.419434;0.589922;0.000000;0.000000;0.000000;0.000000;0.000000;-251.459229;-141.346344;2013.656982;0.456447;0.000000;0.000000;0.000000;0.000000;0.000000;88.003784;-140.515808;2014.823486;0.269306;0.000000;0.000000;0.000000;0.000000;2.000000;46.646362;226.990509;2150.797607;1.287507;0.000000;0.000000;0.000000;0.000000;2.000000;7.434082;528.007202;2373.637939;0.975897;0.000000;0.000000;0.000000;0.000000;2.000000;-29.937866;707.707642;2356.020020;1.123240;0.000000;0.000000;0.000000;0.000000;2.000000;-79.356812;-158.552292;1986.633057;0.242849;0.000000;0.000000;0.000000;0.000000;2.000000;-165.403198;214.622818;1895.733521;0.514255;0.000000;0.000000;0.000000;0.000000;2.000000;-246.284302;581.379639;1834.469360;0.571101;0.000000;0.000000;0.000000;0.000000;2.000000;-275.620605;668.125488;1691.658936;0.387320;0.000000;0.000000;0.000000;0.000000;2.000000;48.825928;-752.654785;1932.024658;0.409096;0.000000;0.000000;0.000000;0.000000;2.000000;10.639771;-805.313354;1787.861450;1.014498;0.000000;0.000000;0.000000;0.000000;2.000000;36.446899;-840.541626;1821.446533;1.017608;0.000000;0.000000;0.000000;0.000000;2.000000;115.679565;-829.783203;1917.234619;0.994429;0.000000;0.000000;0.000000;0.000000;2.000000;-13.218140;-828.110352;1826.645752;0.892134;0.000000;0.000000;0.000000;0.000000;2.000000;-41.753052;-800.613647;1949.364136;0.320225;0.000000;0.000000;0.000000;0.000000;1.000000;9099233280.000000
0.000000;-150.000000;2000.000000;0.000000;0.000000;0.000000;0.000000;0.000000;2.000000;17.199951;-326.335510;1977.334351;0.186084;0.000000;0.000000;0.000000;0.000000;2.000000;30.784790;-467.449097;1960.222168;0.420084;0.000000;0.000000;0.000000;0.000000;2.000000;46.418091;-683.915405;1948.222290;0.295790;0.000000;0.000000;0.000000;0.000000;2.000000;77.113281;-645.759277;1945.051514;0.272843;0.000000;0.000000;0.000000;0.000000;2.000000;200.411621;-583.050171;1908.326050;0.065449;0.000000;0.000000;0.000000;0.000000;2.000000;287.131714;-320.426636;1900.979858;0.785497;0.000000;0.000000;0.000000;0.000000;2.000000;269.494812;-111.955956;1800.230103;0.833599;0.000000;0.000000;0.000000;0.000000;2.000000;232.158447;-24.271807;1814.780396;1.036182;0.000000;0.000000;0.000000;0.000000;0.000000;180.096313;52.029854;1871.091309;0.716935;0.000000;0.000000;0.000000;0.000000;0.000000;206.183472;0.318903;1775.531372;1.600916;0.000000;0.000000;0.000000;0.000000;0.000000;11.056885;-650.614441;1957.401611;0.325078;0.000000;0.000000;0.000000;0.000000;2.000000;-119.589966;-638.696960;1968.590820;0.355628;0.000000;0.000000;0.000000;0.000000;2.000000;-267.258911;-436.800842;2098.594727;0.377336;0.000000;0.000000;0.000000;0.000000;2.000000;-333.654053;-227.031616;2015.625244;0.805143;0.000000;0.000000;0.000000;0.000000;2.000000;-291.093384;-138.974670;1980.845581;1.036136;0.000000;0.000000;0.000000;0.000000;0.000000;-266.402588;-53.862629;1922.078613;1.568428;0.000000;0.000000;0.000000;0.000000;0.000000;-279.682495;-131.971222;1970.689697;1.546386;0.000000;0.000000;0.000000;0.000000;0.000000;89.678955;-143.269394;2015.689697;0.098765;0.000000;0.000000;0.000000;0.000000;2.000000;59.362915;237.930893;2135.748291;0.666912;0.000000;0.000000;0.000000;0.000000;2.000000;28.454102;512.557495;2400.985840;1.118452;0.000000;0.000000;0.000000;0.000000;2.000000;-14.229492;694.955444;2391.608643;1.211471;0.000000;0.000000;0.000000;0.000000;2.000000;-80.867310;-156.069290;1985.851685;0.089061;0.000000;0.000000;0.000000;0.000000;2.000000;-168.722656;224.797470;1899.115845;0.332155;0.000000;0.000000;0.000000;0.000000;2.000000;-251.189331;598.562378;1841.423950;0.567435;0.000000;0.000000;0.000000;0.000000;2.000000;-277.515625;657.899414;1681.534058;0.429531;0.000000;0.000000;0.000000;0.000000;2.000000;49.716675;-763.707458;1930.591064;0.330871;0.000000;0.000000;0.000000;0.000000;2.000000;5.728760;-823.987183;1788.066040;0.571434;0.000000;0.000000;0.000000;0.000000;2.000000;34.360474;-857.806946;1822.369629;0.515371;0.000000;0.000000;0.000000;0.000000;2.000000;118.917480;-841.106628;1915.537598;0.352122;0.000000;0.000000;0.000000;0.000000;2.000000;-16.172485;-846.133179;1829.454224;0.546817;0.000000;0.000000;0.000000;0.000000;2.000000;-40.298096;-813.865723;1954.289307;0.420584;0.000000;0.000000;0.000000;0.000000;1.000000;9099267072.000000
0.000000;-150.000000;2000.000000;0.000000;0.000000;0.000000;0.000000;0.000000;2.000000;20.524902;-329.450256;1981.657104;0.191662;0.000000;0.000000;0.000000;0.000000;2.000000;35.778931;-473.450714;1971.821411;0.426704;0.000000;0.000000;0.000000;0.000000;2.000000;47.310059;-693.119385;1951.252808;0.296967;0.000000;0.000000;0.000000;0.000000;2.000000;79.433716;-654.967468;1950.647705;0.336376;0.000000;0.000000;0.000000;0.000000;2.000000;209.081543;-595.275146;1922.538086;0.630319;0.000000;0.000000;0.000000;0.000000;2.000000;297.059082;-328.444275;1934.418945;1.092260;0.000000;0.000000;0.000000;0.000000;2.000000;274.688965;-117.908829;1830.105103;0.943053;0.000000;0.000000;0.000000;0.000000;2.000000;234.123596;-29.037003;1837.734619;0.717952;0.000000;0.000000;0.000000;0.000000;0.000000;189.494507;53.744392;1894.711060;0.777545;0.000000;0.000000;0.000000;0.000000;0.000000;209.399902;-4.527634;1809.353638;1.047327;0.000000;0.000000;0.000000;0.000000;0.000000;11.810791;-658.851563;1960.742432;0.272239;0.000000;0.000000;0.000000;0.000000;2.000000;-120.051758;-642.645569;1976.851074;0.279759;0.000000;0.000000;0.000000;0.000000;2.000000;-267.075562;-433.995117;2107.041016;0.271667;0.000000;0.000000;0.000000;0.000000;2.000000;-330.753174;-226.892487;2006.145264;0.302578;0.000000;0.000000;0.000000;0.000000;2.000000;-272.978027;-143.114380;1978.304932;0.572364;0.000000;0.000000;0.000000;0.000000;0.000000;-239.519165;-50.415520;1933.930542;0.902758;0.000000;0.000000;0.000000;0.000000;0.000000;-258.414673;-137.315216;1965.212402;0.689778;0.000000;0.000000;0.000000;0.000000;0.000000;89.705078;-142.023438;2022.340576;0.206501;0.000000;0.000000;0.000000;0.000000;2.000000;51.894775;243.858093;2147.367432;0.458688;0.000000;0.000000;0.000000;0.000000;2.000000;22.242310;491.088776;2446.670166;1.552067;0.000000;0.000000;0.000000;0.000000;2.000000;-7.754028;679.298462;2442.090576;1.625043;0.000000;0.000000;0.000000;0.000000;2.000000;-80.890991;-157.192810;1979.854614;0.186202;0.000000;0.000000;0.000000;0.000000;2.000000;-163.732788;232.277679;1895.838379;0.292068;0.000000;0.000000;0.000000;0.000000;2.000000;-241.260254;614.098938;1841.137207;0.562761;0.000000;0.000000;0.000000;0.000000;2.000000;-265.989014;673.674866;1678.030029;0.605761;0.000000;0.000000;0.000000;0.000000;2.000000;49.518188;-773.500305;1930.181152;0.299177;0.000000;0.000000;0.000000;0.000000;2.000000;-5.165161;-847.428894;1794.965576;0.816478;0.000000;0.000000;0.000000;0.000000;2.000000;31.343384;-876.584656;1827.543701;0.601495;0.000000;0.000000;0.000000;0.000000;2.000000;125.548462;-845.493469;1910.012939;0.295463;0.000000;0.000000;0.000000;0.000000;2.000000;-19.782837;-869.520386;1840.465210;0.796525;0.000000;0.000000;0.000000;0.000000;2.000000;-32.533447;-831.875488;1967.732910;0.725633;0.000000;0.000000;0.000000;0.000000;1.000000;9099299840.000000
0.000000;-150.000000;2000.000000;0.000000;0.000000;0.000000;0.000000;0.000000;2.000000;24.246216;-324.433533;1973.476440;0.304589;0.000000;0.000000;0.000000;0.000000;2.000000;41.728271;-464.891937;1958.056396;0.510956;0.000000;0.000000;0.000000;0.000000;2.000000;59.614502;-680.720764;1949.715332;0.518921;0.000000;0.000000;0.000000;0.000000;2.000000;90.138062;-642.491760;1948.717041;0.489807;0.000000;0.000000;0.000000;0.000000;2.000000;218.570435;-583.837402;1927.993286;0.468483;0.000000;0.000000;0.000000;0.000000;2.000000;289.331482;-317.205109;1928.913574;0.435270;0.000000;0.000000;0.000000;0.000000;2.000000;278.007874;-97.261322;1857.465210;1.019089;0.000000;0.000000;0.000000;0.000000;2.000000;233.023071;-13.905581;1873.848877;1.159196;0.000000;0.000000;0.000000;0.000000;0.000000;172.207397;51.706711;1934.113525;1.274743;0.000000;0.000000;0.000000;0.000000;0.000000;210.493896;13.067101;1840.298218;1.053910;0.000000;0.000000;0.000000;0.000000;0.000000;23.507324;-647.679077;1955.542480;0.502793;0.000000;0.000000;0.000000;0.000000;2.000000;-106.744873;-631.412598;1957.756592;0.764762;0.000000;0.000000;0.000000;0.000000;2.000000;-260.117065;-450.496155;2108.600098;0.531959;0.000000;0.000000;0.000000;0.000000;2.000000;-328.645142;-233.582275;2051.798340;1.366855;0.000000;0.000000;0.000000;0.000000;2.000000;-274.995728;-171.549225;1988.662720;0.897543;0.000000;0.000000;0.000000;0.000000;0.000000;-234.327026;-86.541763;1940.068848;1.095231;0.000000;0.000000;0.000000;0.000000;0.000000;-265.048584;-170.591095;1969.962280;1.013896;0.000000;0.000000;0.000000;0.000000;0.000000;85.789551;-142.560715;2029.498779;0.241974;0.000000;0.000000;0.000000;0.000000;2.000000;43.116211;232.668610;2160.248291;0.567830;0.000000;0.000000;0.000000;0.000000;2.000000;18.458374;471.962769;2456.902832;0.651599;0.000000;0.000000;0.000000;0.000000;2.000000;-20.811157;654.783997;2459.872070;0.975948;0.000000;0.000000;0.000000;0.000000;2.000000;-77.360107;-156.708344;1973.399658;0.218202;0.000000;0.000000;0.000000;0.000000;2.000000;-151.988281;229.495361;1905.228394;0.452535;0.000000;0.000000;0.000000;0.000000;2.000000;-223.623047;606.490173;1863.969727;0.882981;0.000000;0.000000;0.000000;0.000000;2.000000;-241.752563;682.736084;1710.791260;1.235410;0.000000;0.000000;0.000000;0.000000;2.000000;64.859009;-760.427185;1933.312866;0.603617;0.000000;0.000000;0.000000;0.000000;2.000000;30.184082;-839.730957;1798.256592;1.075021;0.000000;0.000000;0.000000;0.000000;2.000000;58.784302;-867.450317;1837.444824;0.904627;0.000000;0.000000;0.000000;0.000000;2.000000;138.055176;-835.108154;1930.641357;0.777229;0.000000;0.000000;0.000000;0.000000;2.000000;7.639160;-857.708618;1841.105713;0.883777;0.000000;0.000000;0.000000;0.000000;2.000000;-23.352539;-811.833191;1959.604858;0.695304;0.000000;0.000000;0.000000;0.000000;1.000000;9099333632.000000
0.000000;-150.000000;2000.000000;0.000000;0.000000;0.000000;0.000000;0.000000;2.000000;20.624878;-326.610474;1983.453369;0.330651;0.000000;0.000000;0.000000;0.000000;2.000000;35.938721;-468.293152;1974.886597;0.552986;0.000000;0.000000;0.000000;0.000000;2.000000;53.417969;-684.888000;1972.163574;0.721976;0.000000;0.000000;0.000000;0.000000;2.000000;84.148438;-646.664185;1970.853027;0.711319;0.000000;0.000000;0.000000;0.000000;2.000000;210.107788;-581.341309;1952.353638;0.790678;0.000000;0.000000;0.000000;0.000000;2.000000;262.732605;-309.810791;1948.447388;1.032084;0.000000;0.000000;0.000000;0.000000;2.000000;257.282227;-89.484360;1875.470703;0.870811;0.000000;0.000000;0.000000;0.000000;2.000000;210.247559;-15.806208;1916.086060;1.465580;0.000000;0.000000;0.000000;0.000000;0.000000;165.024170;62.254402;1975.750244;1.328994;0.000000;0.000000;0.000000;0.000000;0.000000;179.631958;10.392017;1905.136841;2.192951;0.000000;0.000000;0.000000;0.000000;0.000000;17.197266;-651.538269;1976.458862;0.677054;0.000000;0.000000;0.000000;0.000000;2.000000;-112.656738;-630.684509;1970.831421;0.438468;0.000000;0.000000;0.000000;0.000000;2.000000;-257.682007;-431.614868;2107.852783;0.581431;0.000000;0.000000;0.000000;0.000000;2.000000;-300.377686;-207.268509;2052.013184;1.178591;0.000000;0.000000;0.000000;0.000000;2.000000;-239.357910;-145.253067;1995.433960;1.367307;0.000000;0.000000;0.000000;0.000000;0.000000;-202.343872;-65.562233;1935.585449;1.175289;0.000000;0.000000;0.000000;0.000000;0.000000;-227.499512;-143.160034;1980.589844;1.455705;0.000000;0.000000;0.000000;0.000000;0.000000;87.946899;-141.885880;2023.017090;0.209489;0.000000;0.000000;0.000000;0.000000;2.000000;50.330200;231.959366;2162.316406;0.230042;0.000000;0.000000;0.000000;0.000000;2.000000;10.738770;463.015320;2465.153564;0.439838;0.000000;0.000000;0.000000;0.000000;2.000000;-41.778442;642.143799;2483.016357;1.028157;0.000000;0.000000;0.000000;0.000000;2.000000;-79.305664;-157.316864;1979.244507;0.188908;0.000000;0.000000;0.000000;0.000000;2.000000;-147.433350;232.895737;1921.565918;0.527896;0.000000;0.000000;0.000000;0.000000;2.000000;-212.797974;613.099426;1890.918945;0.908955;0.000000;0.000000;0.000000;0.000000;2.000000;-236.420044;698.259399;1742.743164;1.096228;0.000000;0.000000;0.000000;0.000000;2.000000;58.780273;-765.200134;1957.778809;0.783009;0.000000;0.000000;0.000000;0.000000;2.000000;45.069946;-835.474792;1813.748901;0.668409;0.000000;0.000000;0.000000;0.000000;2.000000;76.614990;-861.566101;1851.999634;0.725009;0.000000;0.000000;0.000000;0.000000;2.000000;144.685547;-825.167053;1952.716309;0.766040;0.000000;0.000000;0.000000;0.000000;2.000000;24.299561;-861.500977;1853.412476;0.642616;0.000000;0.000000;0.000000;0.000000;2.000000;-19.803345;-834.063538;1973.836548;0.812780;0.000000;0.000000;0.000000;0.000000;1.000000;9099366400.000000
0.000000;-150.000000;2000.000000;0.000000;0.000000;0.000000;0.000000;0.000000;2.000000;21.752441;-329.208832;1985.015137;0.095718;0.000000;0.000000;0.000000;0.000000;2.000000;39.329346;-472.387482;1972.256714;0.175513;0.000000;0.000000;0.000000;0.000000;2.000000;61.379395;-691.649414;1977.845825;0.351879;0.000000;0.000000;0.000000;0.000000;2.000000;91.786621;-652.347168;1975.100586;0.308504;0.000000;0.000000;0.000000;0.000000;2.000000;217.989380;-583.351257;1955.601685;0.259185;0.000000;0.000000;0.000000;0.000000;2.000000;261.197144;-306.420258;1968.656250;0.608095;0.000000;0.000000;0.000000;0.000000;2.000000;235.748779;-94.275818;1869.629639;0.675316;0.000000;0.000000;0.000000;0.000000;2.000000;191.652466;-18.056652;1912.119629;0.566588;0.000000;0.000000;0.000000;0.000000;0.000000;147.823120;69.854561;1960.983276;0.707572;0.000000;0.000000;0.000000;0.000000;0.000000;161.333130;6.357048;1908.421265;0.562976;0.000000;0.000000;0.000000;0.000000;0.000000;23.970337;-658.411072;1980.857666;0.313822;0.000000;0.000000;0.000000;0.000000;2.000000;-107.850952;-637.436279;1977.198120;0.309265;0.000000;0.000000;0.000000;0.000000;2.000000;-250.224854;-428.008118;2109.880859;0.252375;0.000000;0.000000;0.000000;0.000000;2.000000;-310.759277;-207.614227;2041.805542;0.430972;0.000000;0.000000;0.000000;0.000000;2.000000;-245.967407;-146.996826;1985.150024;0.365427;0.000000;0.000000;0.000000;0.000000;0.000000;-206.118164;-76.051277;1914.379517;0.708966;0.000000;0.000000;0.000000;0.000000;0.000000;-223.760498;-149.666962;1972.454102;0.327547;0.000000;0.000000;0.000000;0.000000;0.000000;89.358154;-141.034943;2022.498291;0.051127;0.000000;0.000000;0.000000;0.000000;2.000000;51.392944;240.398041;2157.757813;0.285569;0.000000;0.000000;0.000000;0.000000;2.000000;-9.487183;443.973999;2482.966064;0.976538;0.000000;0.000000;0.000000;0.000000;2.000000;-60.432373;627.220642;2480.272705;0.711581;0.000000;0.000000;0.000000;0.000000;2.000000;-80.578003;-158.084198;1979.712402;0.046098;0.000000;0.000000;0.000000;0.000000;2.000000;-165.123901;235.265015;1924.935303;0.537516;0.000000;0.000000;0.000000;0.000000;2.000000;-248.326904;618.156555;1900.995361;1.103067;0.000000;0.000000;0.000000;0.000000;2.000000;-230.300293;700.484131;1747.616455;0.240686;0.000000;0.000000;0.000000;0.000000;2.000000;68.453247;-773.486084;1966.358643;0.454456;0.000000;0.000000;0.000000;0.000000;2.000000;70.273315;-842.553528;1818.553345;0.787636;0.000000;0.000000;0.000000;0.000000;2.000000;96.137207;-870.686951;1860.617554;0.686767;0.000000;0.000000;0.000000;0.000000;2.000000;153.190063;-837.644714;1971.168823;0.705597;0.000000;0.000000;0.000000;0.000000;2.000000;43.349243;-868.543335;1855.420898;0.603953;0.000000;0.000000;0.000000;0.000000;2.000000;-15.252686;-840.315125;1971.467163;0.239327;0.000000;0.000000;0.000000;0.000000;2.000000;9099400192.000000
0.000000;-150.000000;2000.000000;0.000000;0.000000;0.000000;0.000000;0.000000;2.000000;25.178833;-327.786499;1988.819092;0.162155;0.000000;0.000000;0.000000;0.000000;2.000000;45.787354;-469.728058;1978.124146;0.278372;0.000000;0.000000;0.000000;0.000000;2.000000;72.904785;-686.704834;1988.977051;0.511739;0.000000;0.000000;0.000000;0.000000;2.000000;102.184692;-646.892883;1988.078491;0.534097;0.000000;0.000000;0.000000;0.000000;2.000000;224.715820;-571.724426;1977.264893;0.777883;0.000000;0.000000;0.000000;0.000000;2.000000;253.208496;-294.898743;1991.847046;0.827008;0.000000;0.000000;0.000000;0.000000;2.000000;233.106812;-90.268097;1880.371582;0.359060;0.000000;0.000000;0.000000;0.000000;2.000000;174.517212;-17.014616;1905.478760;0.561726;0.000000;0.000000;0.000000;0.000000;0.000000;121.026611;65.114578;1953.089844;0.864691;0.000000;0.000000;0.000000;0.000000;0.000000;151.712158;9.204292;1894.528198;0.522989;0.000000;0.000000;0.000000;0.000000;0.000000;34.771851;-654.694519;1988.402832;0.417784;0.000000;0.000000;0.000000;0.000000;2.000000;-95.989746;-634.756409;1978.839478;0.374464;0.000000;0.000000;0.000000;0.000000;2.000000;-238.269531;-426.230896;2108.826660;0.370257;0.000000;0.000000;0.000000;0.000000;2.000000;-301.993286;-207.332642;2044.630371;0.281195;0.000000;0.000000;0.000000;0.000000;2.000000;-250.342529;-132.820923;1992.556274;0.506031;0.000000;0.000000;0.000000;0.000000;0.000000;-208.109375;-52.460602;1935.723022;0.972755;0.000000;0.000000;0.000000;0.000000;0.000000;-233.330933;-126.425331;1984.928955;0.856337;0.000000;0.000000;0.000000;0.000000;0.000000;87.784546;-139.147186;2025.117432;0.109608;0.000000;0.000000;0.000000;0.000000;2.000000;7.788330;215.026672;2201.585449;2.039417;0.000000;0.000000;0.000000;0.000000;2.000000;-55.380859;434.615265;2512.466309;1.689274;0.000000;0.000000;0.000000;0.000000;2.000000;-85.709106;611.390015;2453.132324;1.230628;0.000000;0.000000;0.000000;0.000000;2.000000;-79.159180;-159.786469;1977.350464;0.098839;0.000000;0.000000;0.000000;0.000000;2.000000;-162.609375;233.606750;1947.240112;0.686867;0.000000;0.000000;0.000000;0.000000;2.000000;-246.192627;614.415344;1949.115845;1.474392;0.000000;0.000000;0.000000;0.000000;2.000000;-230.297852;703.961853;1800.994507;1.632423;0.000000;0.000000;0.000000;0.000000;2.000000;82.982788;-767.909912;1979.500366;0.621620;0.000000;0.000000;0.000000;0.000000;2.000000;75.837036;-832.615051;1831.109009;0.517336;0.000000;0.000000;0.000000;0.000000;2.000000;104.433350;-861.369263;1870.368774;0.483231;0.000000;0.000000;0.000000;0.000000;2.000000;167.830933;-830.845032;1977.102173;0.524863;0.000000;0.000000;0.000000;0.000000;2.000000;51.764160;-859.657471;1868.675781;0.550554;0.000000;0.000000;0.000000;0.000000;2.000000;0.941650;-835.263855;1988.170410;0.726530;0.000000;0.000000;0.000000;0.000000;1.000000;9099432960.000000
0.000000;-150.000000;2000.000000;0.000000;0.000000;0.000000;0.000000;0.000000;2.000000;32.496704;-329.413910;1992.375854;0.245549;0.000000;0.000000;0.000000;0.000000;2.000000;59.191895;-472.320496;1980.124390;0.408341;0.000000;0.000000;0.000000;0.000000;2.000000;92.242432;-691.522827;1993.424683;0.604258;0.000000;0.000000;0.000000;0.000000;2.000000;120.931519;-650.457642;1991.330200;0.572852;0.000000;0.000000;0.000000;0.000000;2.000000;246.018799;-575.058838;1984.222534;0.670487;0.000000;0.000000;0.000000;0.000000;2.000000;271.119629;-293.511749;1981.988281;0.606420;0.000000;0.000000;0.000000;0.000000;2.000000;226.452637;-94.840569;1860.242676;0.641801;0.000000;0.000000;0.000000;0.000000;2.000000;164.557129;-24.676872;1891.032349;0.566617;0.000000;0.000000;0.000000;0.000000;0.000000;98.158936;54.271812;1930.720703;0.999551;0.000000;0.000000;0.000000;0.000000;0.000000;132.504395;0.569088;1858.880615;1.225248;0.000000;0.000000;0.000000;0.000000;0.000000;52.784790;-659.996704;1993.263428;0.573982;0.000000;0.000000;0.000000;0.000000;2.000000;-80.931641;-647.687500;1985.209961;0.616882;0.000000;0.000000;0.000000;0.000000;2.000000;-214.951782;-409.680237;2076.571289;1.275601;0.000000;0.000000;0.000000;0.000000;2.000000;-269.967163;-187.272842;2004.254761;1.636527;0.000000;0.000000;0.000000;0.000000;2.000000;-246.875732;-83.794296;2006.854858;1.514758;0.000000;0.000000;0.000000;0.000000;0.000000;-245.366333;23.156029;1987.809937;2.932377;0.000000;0.000000;0.000000;0.000000;0.000000;-184.605347;-81.515900;1977.362305;1.973708;0.000000;0.000000;0.000000;0.000000;0.000000;91.107422;-134.006256;2011.959839;0.429445;0.000000;0.000000;0.000000;0.000000;2.000000;-29.526611;255.292603;2051.819580;4.720360;0.000000;0.000000;0.000000;0.000000;2.000000;-105.911255;417.363525;2399.759277;3.690665;0.000000;0.000000;0.000000;0.000000;2.000000;-149.994751;602.693970;2378.984863;2.915471;0.000000;0.000000;0.000000;0.000000;2.000000;-82.155640;-164.422272;1989.215210;0.387249;0.000000;0.000000;0.000000;0.000000;2.000000;-145.462036;235.770874;1932.895752;0.664670;0.000000;0.000000;0.000000;0.000000;2.000000;-214.207031;624.386230;1958.490601;1.029550;0.000000;0.000000;0.000000;0.000000;2.000000;-198.633179;723.135864;1813.262329;1.154041;0.000000;0.000000;0.000000;0.000000;2.000000;104.243164;-773.750610;1984.675537;0.670197;0.000000;0.000000;0.000000;0.000000;2.000000;113.114380;-824.402100;1828.556274;1.132121;0.000000;0.000000;0.000000;0.000000;2.000000;141.362183;-855.252319;1867.651001;1.110634;0.000000;0.000000;0.000000;0.000000;2.000000;195.014893;-830.732788;1983.132813;0.824014;0.000000;0.000000;0.000000;0.000000;2.000000;88.231079;-857.164917;1861.846313;1.100395;0.000000;0.000000;0.000000;0.000000;2.000000;26.238770;-848.364014;1980.343140;0.874278;0.000000;0.000000;0.000000;0.000000;2.000000;9099466752.000000
0.000000;-150.000000;2000.000000;0.000000;0.000000;0.000000;0.000000;0.000000;2.000000;33.006226;-332.253479;1988.924561;0.137276;0.000000;0.000000;0.000000;0.000000;2.000000;60.138062;-477.589539;1976.872437;0.191151;0.000000;0.000000;0.000000;0.000000;2.000000;93.769287;-700.390564;1991.480469;0.280941;0.000000;0.000000;0.000000;0.000000;2.000000;122.751221;-658.462280;1992.353638;0.252454;0.000000;0.000000;0.000000;0.000000;2.000000;247.493408;-577.980835;1984.187988;0.099890;0.000000;0.000000;0.000000;0.000000;2.000000;269.059814;-291.425781;1979.312256;0.121133;0.000000;0.000000;0.000000;0.000000;2.000000;219.292480;-104.976967;1834.575928;0.870043;0.000000;0.000000;0.000000;0.000000;2.000000;152.979126;-33.182076;1856.433105;1.143288;0.000000;0.000000;0.000000;0.000000;0.000000;69.800781;27.182785;1901.896240;1.485316;0.000000;0.000000;0.000000;0.000000;0.000000;128.648193;-2.999498;1821.047974;1.165641;0.000000;0.000000;0.000000;0.000000;0.000000;53.630981;-668.554688;1987.961548;0.308311;0.000000;0.000000;0.000000;0.000000;2.000000;-81.905151;-658.354797;1972.677979;0.503114;0.000000;0.000000;0.000000;0.000000;2.000000;-239.065674;-430.379150;2067.995605;1.004519;0.000000;0.000000;0.000000;0.000000;2.000000;-255.603027;-204.831787;1975.659302;1.113931;0.000000;0.000000;0.000000;0.000000;2.000000;-218.000732;-103.820099;1972.434204;1.501136;0.000000;0.000000;0.000000;0.000000;0.000000;-207.739624;4.834026;1955.374756;1.615849;0.000000;0.000000;0.000000;0.000000;0.000000;-164.488525;-179.317703;1871.647827;4.437704;0.000000;0.000000;0.000000;0.000000;0.000000;90.793335;-134.947235;2022.873901;0.334444;0.000000;0.000000;0.000000;0.000000;2.000000;-50.463745;251.776260;2084.927246;1.200255;0.000000;0.000000;0.000000;0.000000;2.000000;-191.479736;490.105042;2370.673340;3.540471;0.000000;0.000000;0.000000;0.000000;2.000000;-269.840942;653.863647;2299.925293;4.651490;0.000000;0.000000;0.000000;0.000000;2.000000;-81.872559;-163.573730;1979.373413;0.301586;0.000000;0.000000;0.000000;0.000000;2.000000;-143.541382;234.214005;1874.740356;1.776365;0.000000;0.000000;0.000000;0.000000;2.000000;-235.190430;609.815369;1985.237915;1.128751;0.000000;0.000000;0.000000;0.000000;2.000000;-224.020020;722.643738;1846.384766;1.273658;0.000000;0.000000;0.000000;0.000000;2.000000;107.245483;-783.844116;1983.012939;0.325348;0.000000;0.000000;0.000000;0.000000;2.000000;117.553101;-824.928101;1821.346802;0.258870;0.000000;0.000000;0.000000;0.000000;2.000000;148.190918;-857.148743;1858.922485;0.343123;0.000000;0.000000;0.000000;0.000000;2.000000;202.384766;-836.697876;1977.365112;0.338681;0.000000;0.000000;0.000000;0.000000;2.000000;94.293701;-861.531738;1853.199463;0.348746;0.000000;0.000000;0.000000;0.000000;2.000000;31.916626;-863.311768;1974.338257;0.521245;0.000000;0.000000;0.000000;0.000000;2.000000;9099499520.000000
0.000000;-150.000000;2000.000000;0.000000;0.000000;0.000000;0.000000;0.000000;2.000000;44.209717;-330.382233;1982.538818;0.385613;0.000000;0.000000;0.000000;0.000000;2.000000;80.001465;-474.173950;1965.729980;0.681519;0.000000;0.000000;0.000000;0.000000;2.000000;114.830566;-698.009460;1980.405518;0.707696;0.000000;0.000000;0.000000;0.000000;2.000000;143.439819;-655.617798;1983.719849;0.668726;0.000000;0.000000;0.000000;0.000000;2.000000;273.111084;-581.328186;1986.505493;0.767613;0.000000;0.000000;0.000000;0.000000;2.000000;282.207275;-296.494720;1938.813354;1.268945;0.000000;0.000000;0.000000;0.000000;2.000000;213.623291;-121.378326;1785.704834;1.534702;0.000000;0.000000;0.000000;0.000000;2.000000;134.286987;-59.751804;1792.415649;2.124422;0.000000;0.000000;0.000000;0.000000;0.000000;45.653442;-17.249706;1848.114624;2.184623;0.000000;0.000000;0.000000;0.000000;0.000000;99.933594;-39.207180;1791.842285;1.617754;0.000000;0.000000;0.000000;0.000000;0.000000;74.516846;-666.318604;1974.427979;0.739451;0.000000;0.000000;0.000000;0.000000;2.000000;-61.248169;-652.263062;1957.743286;0.775572;0.000000;0.000000;0.000000;0.000000;2.000000;-227.623413;-423.430634;2039.175415;0.940386;0.000000;0.000000;0.000000;0.000000;2.000000;-242.844238;-197.982178;1942.990723;1.057478;0.000000;0.000000;0.000000;0.000000;2.000000;-253.637329;-93.194702;1917.391357;1.965769;0.000000;0.000000;0.000000;0.000000;0.000000;-309.602661;-7.460352;1960.405640;3.039937;0.000000;0.000000;0.000000;0.000000;0.000000;-225.877563;-78.412865;1915.026367;3.723534;0.000000;0.000000;0.000000;0.000000;0.000000;91.419434;-129.278214;2017.397461;0.233991;0.000000;0.000000;0.000000;0.000000;2.000000;-52.593872;263.755798;2017.943970;2.014661;0.000000;0.000000;0.000000;0.000000;2.000000;-198.406250;634.722717;2051.928223;10.360047;0.000000;0.000000;0.000000;0.000000;2.000000;-141.142944;721.652466;1885.996460;12.983641;0.000000;0.000000;0.000000;0.000000;2.000000;-82.436890;-168.685730;1984.312134;0.211007;0.000000;0.000000;0.000000;0.000000;2.000000;-223.958862;206.379822;1865.416260;2.533367;0.000000;0.000000;0.000000;0.000000;2.000000;-372.982544;579.473450;1910.253540;4.728367;0.000000;0.000000;0.000000;0.000000;2.000000;-397.251343;674.985046;1759.363159;5.907691;0.000000;0.000000;0.000000;0.000000;1.000000;129.721191;-781.690125;1971.983765;0.743622;0.000000;0.000000;0.000000;0.000000;2.000000;152.702759;-833.351013;1813.768066;1.092885;0.000000;0.000000;0.000000;0.000000;2.000000;175.106689;-866.771667;1856.267456;0.849529;0.000000;0.000000;0.000000;0.000000;2.000000;218.365479;-845.610474;1979.761841;0.546115;0.000000;0.000000;0.000000;0.000000;2.000000;121.734985;-865.309998;1844.526001;0.858971;0.000000;0.000000;0.000000;0.000000;2.000000;46.374512;-852.813904;1958.245728;0.711585;0.000000;0.000000;0.000000;0.000000;1.000000;9099533312.000000
0.000000;-150.000000;2000.000000;0.000000;0.000000;0.000000;0.000000;0.000000;2.000000;47.071655;-329.382202;1980.889893;0.102126;0.000000;0.000000;0.000000;0.000000;2.000000;84.672607;-472.814209;1965.769775;0.143975;0.000000;0.000000;0.000000;0.000000;2.000000;110.226685;-696.552734;1993.378540;0.409641;0.000000;0.000000;0.000000;0.000000;2.000000;139.769287;-654.939697;1997.764893;0.430060;0.000000;0.000000;0.000000;0.000000;2.000000;272.226563;-588.140198;2015.362793;0.877829;0.000000;0.000000;0.000000;0.000000;2.000000;291.384033;-306.045227;1956.617188;0.656668;0.000000;0.000000;0.000000;0.000000;2.000000;216.980347;-160.373550;1777.756836;1.181886;0.000000;0.000000;0.000000;0.000000;2.000000;128.333496;-113.865753;1767.522949;1.771472;0.000000;0.000000;0.000000;0.000000;2.000000;55.692139;-44.666191;1819.343140;1.213030;0.000000;0.000000;0.000000;0.000000;0.000000;107.057007;-93.375763;1745.763062;2.115062;0.000000;0.000000;0.000000;0.000000;2.000000;71.831909;-664.009949;1982.016235;0.247804;0.000000;0.000000;0.000000;0.000000;2.000000;-61.732666;-650.246582;1952.718506;0.160864;0.000000;0.000000;0.000000;0.000000;2.000000;-224.935181;-417.664856;2029.214844;0.349751;0.000000;0.000000;0.000000;0.000000;2.000000;-239.475952;-196.623810;1923.510864;0.586397;0.000000;0.000000;0.000000;0.000000;2.000000;-231.815430;-95.771629;1884.658813;1.166668;0.000000;0.000000;0.000000;0.000000;0.000000;-286.598267;-30.001715;1955.315308;0.964937;0.000000;0.000000;0.000000;0.000000;0.000000;-181.679688;-89.448868;1887.423218;1.576266;0.000000;0.000000;0.000000;0.000000;0.000000;90.442505;-128.494583;2020.910278;0.110363;0.000000;0.000000;0.000000;0.000000;2.000000;-45.920044;266.999573;2024.522217;0.293455;0.000000;0.000000;0.000000;0.000000;2.000000;-184.500610;640.831543;2054.556152;0.456143;0.000000;0.000000;0.000000;0.000000;2.000000;-148.202637;738.925537;1889.065552;0.559623;0.000000;0.000000;0.000000;0.000000;2.000000;-81.556152;-169.392380;1981.144165;0.099526;0.000000;0.000000;0.000000;0.000000;2.000000;-299.554321;187.133133;1977.505371;4.041242;0.000000;0.000000;0.000000;0.000000;2.000000;-500.487427;531.665283;2042.013916;5.607341;0.000000;0.000000;0.000000;0.000000;2.000000;-573.054321;583.964417;1885.672852;6.949306;0.000000;0.000000;0.000000;0.000000;2.000000;123.026001;-780.887390;1990.072632;0.571284;0.000000;0.000000;0.000000;0.000000;2.000000;172.893066;-803.516724;1831.329468;1.185980;0.000000;0.000000;0.000000;0.000000;2.000000;195.031006;-839.656006;1871.643066;1.094792;0.000000;0.000000;0.000000;0.000000;2.000000;219.089844;-832.145386;2001.702515;0.762109;0.000000;0.000000;0.000000;0.000000;2.000000;143.955078;-843.876953;1852.703613;0.945110;0.000000;0.000000;0.000000;0.000000;2.000000;54.427124;-859.931519;1955.046021;0.331840;0.000000;0.000000;0.000000;0.000000;2.000000;9099567104.000000
0.000000;-150.000000;2000.000000;0.000000;0.000000;0.000000;0.000000;0.000000;2.000000;42.517578;-328.940613;1984.035522;0.169447;0.000000;0.000000;0.000000;0.000000;2.000000;75.067993;-472.598267;1974.774780;0.401843;0.000000;0.000000;0.000000;0.000000;2.000000;100.784912;-694.656494;1997.158813;0.315725;0.000000;0.000000;0.000000;0.000000;2.000000;129.137573;-653.338623;2005.003540;0.395547;0.000000;0.000000;0.000000;0.000000;2.000000;257.434692;-585.158264;2032.818604;0.704154;0.000000;0.000000;0.000000;0.000000;2.000000;286.234497;-312.667236;1951.016113;0.307820;0.000000;0.000000;0.000000;0.000000;2.000000;206.923706;-185.167984;1763.779907;0.921234;0.000000;0.000000;0.000000;0.000000;2.000000;110.326294;-165.770279;1748.894409;1.770378;0.000000;0.000000;0.000000;0.000000;2.000000;7.767456;-156.745285;1792.514771;3.808988;0.000000;0.000000;0.000000;0.000000;0.000000;84.775391;-148.252716;1729.463745;1.874688;0.000000;0.000000;0.000000;0.000000;2.000000;63.365967;-662.446899;1984.011841;0.269693;0.000000;0.000000;0.000000;0.000000;2.000000;-66.954346;-643.685669;1949.598267;0.273038;0.000000;0.000000;0.000000;0.000000;2.000000;-233.354614;-413.576538;2014.839844;0.523483;0.000000;0.000000;0.000000;0.000000;2.000000;-240.092163;-194.283310;1910.262695;0.410993;0.000000;0.000000;0.000000;0.000000;2.000000;-217.685669;-98.686684;1867.018555;0.695457;0.000000;0.000000;0.000000;0.000000;0.000000;-291.398804;-29.933308;1910.822144;1.365706;0.000000;0.000000;0.000000;0.000000;0.000000;-198.482666;-76.502426;1879.537842;0.690621;0.000000;0.000000;0.000000;0.000000;0.000000;84.819824;-133.216156;2037.772461;0.561259;0.000000;0.000000;0.000000;0.000000;2.000000;-61.851929;254.137558;2045.593750;0.896649;0.000000;0.000000;0.000000;0.000000;2.000000;-216.555420;616.997131;2079.434082;1.436111;0.000000;0.000000;0.000000;0.000000;2.000000;-173.855225;744.108582;1939.432373;1.732188;0.000000;0.000000;0.000000;0.000000;2.000000;-76.485718;-165.134735;1965.938843;0.506112;0.000000;0.000000;0.000000;0.000000;2.000000;-221.046387;220.453934;1925.060303;3.055457;0.000000;0.000000;0.000000;0.000000;2.000000;-410.965698;514.072998;2119.428467;3.651495;0.000000;0.000000;0.000000;0.000000;2.000000;-456.528564;686.125366;2131.015625;8.855788;0.000000;0.000000;0.000000;0.000000;2.000000;114.645142;-777.900635;1992.305664;0.279941;0.000000;0.000000;0.000000;0.000000;2.000000;176.277344;-800.359192;1839.510132;0.286843;0.000000;0.000000;0.000000;0.000000;2.000000;193.903931;-837.017700;1880.743408;0.291195;0.000000;0.000000;0.000000;0.000000;2.000000;207.170166;-831.215515;2011.125244;0.464561;0.000000;0.000000;0.000000;0.000000;2.000000;144.963013;-839.726563;1857.838867;0.203835;0.000000;0.000000;0.000000;0.000000;2.000000;47.853638;-854.094727;1951.355591;0.290956;0.000000;0.000000;0.000000;0.000000;2.000000;9099599872.000000
0.000000;-150.000000;2000.000000;0.000000;0.000000;0.000000;0.000000;0.000000;2.000000;47.940063;-324.530731;1993.121948;0.339239;0.000000;0.000000;0.000000;0.000000;2.000000;83.681763;-464.849976;1992.466064;0.625812;0.000000;0.000000;0.000000;0.000000;2.000000;103.655762;-682.794434;2018.622681;0.730677;0.000000;0.000000;0.000000;0.000000;2.000000;131.771973;-642.655029;2027.259155;0.734708;0.000000;0.000000;0.000000;0.000000;2.000000;254.797485;-576.006836;2065.807617;1.016106;0.000000;0.000000;0.000000;0.000000;2.000000;278.997437;-310.067383;1979.772949;0.880897;0.000000;0.000000;0.000000;0.000000;2.000000;208.574097;-201.178757;1783.224731;0.746988;0.000000;0.000000;0.000000;0.000000;2.000000;122.432739;-159.021332;1764.260376;0.612383;0.000000;0.000000;0.000000;0.000000;2.000000;17.718628;-170.712326;1794.801636;0.511993;0.000000;0.000000;0.000000;0.000000;0.000000;104.891968;-135.210373;1736.598633;0.740226;0.000000;0.000000;0.000000;0.000000;2.000000;68.275879;-650.729370;2003.363037;0.685044;0.000000;0.000000;0.000000;0.000000;2.000000;-54.775513;-627.683960;1956.955444;0.633664;0.000000;0.000000;0.000000;0.000000;2.000000;-236.163574;-412.003540;2004.894531;0.309346;0.000000;0.000000;0.000000;0.000000;2.000000;-245.349243;-193.713562;1909.368896;0.158702;0.000000;0.000000;0.000000;0.000000;2.000000;-234.358521;-97.679512;1867.696411;0.494703;0.000000;0.000000;0.000000;0.000000;0.000000;-295.147339;-23.797150;1917.428955;0.288972;0.000000;0.000000;0.000000;0.000000;0.000000;-212.878418;-66.119308;1892.168945;0.644683;0.000000;0.000000;0.000000;0.000000;0.000000;78.411377;-130.237946;2045.063354;0.300473;0.000000;0.000000;0.000000;0.000000;2.000000;-49.401855;254.846924;2068.851563;0.780955;0.000000;0.000000;0.000000;0.000000;2.000000;-186.563965;614.455200;2121.256348;1.524834;0.000000;0.000000;0.000000;0.000000;2.000000;-183.376587;748.329224;1986.193726;1.417707;0.000000;0.000000;0.000000;0.000000;2.000000;-70.706909;-167.820313;1959.364258;0.270951;0.000000;0.000000;0.000000;0.000000;2.000000;-178.932617;220.518066;1911.222900;1.311815;0.000000;0.000000;0.000000;0.000000;2.000000;-331.563843;554.328613;2050.302490;3.335408;0.000000;0.000000;0.000000;0.000000;2.000000;-321.590210;685.571899;1934.989380;7.042524;0.000000;0.000000;0.000000;0.000000;2.000000;115.968384;-764.754639;2015.675171;0.794445;0.000000;0.000000;0.000000;0.000000;2.000000;183.687134;-772.183594;1867.441162;1.194359;0.000000;0.000000;0.000000;0.000000;2.000000;199.273682;-811.820923;1905.058716;1.048331;0.000000;0.000000;0.000000;0.000000;2.000000;206.116821;-818.382935;2033.413696;0.761726;0.000000;0.000000;0.000000;0.000000;2.000000;152.406982;-812.422729;1880.144531;1.066349;0.000000;0.000000;0.000000;0.000000;2.000000;52.952759;-835.464600;1965.419922;0.707069;0.000000;0.000000;0.000000;0.000000;2.000000;9099633664.000000
0.000000;-150.000000;2000.000000;0.000000;0.000000;0.000000;0.000000;0.000000;2.000000;50.673706;-326.174194;1991.043701;0.116179;0.000000;0.000000;0.000000;0.000000;2.000000;90.070679;-467.426575;1986.070923;0.286857;0.000000;0.000000;0.000000;0.000000;2.000000;116.367798;-688.558777;2003.199463;0.634809;0.000000;0.000000;0.000000;0.000000;2.000000;143.644409;-647.521973;2013.903809;0.565199;0.000000;0.000000;0.000000;0.000000;2.000000;266.065308;-577.187561;2055.058838;0.476596;0.000000;0.000000;0.000000;0.000000;2.000000;297.683716;-312.240662;1956.960083;0.902375;0.000000;0.000000;0.000000;0.000000;2.000000;211.209717;-224.167648;1752.758667;1.167518;0.000000;0.000000;0.000000;0.000000;2.000000;114.116211;-206.382080;1744.404541;1.587636;0.000000;0.000000;0.000000;0.000000;2.000000;24.294189;-212.154678;1809.639038;1.358240;0.000000;0.000000;0.000000;0.000000;0.000000;83.643555;-191.006439;1791.857056;2.482674;0.000000;0.000000;0.000000;0.000000;2.000000;79.711548;-656.442871;1988.883057;0.589462;0.000000;0.000000;0.000000;0.000000;2.000000;-43.549194;-637.436951;1936.447388;0.773084;0.000000;0.000000;0.000000;0.000000;2.000000;-233.888672;-422.102600;1972.626831;1.034168;0.000000;0.000000;0.000000;0.000000;2.000000;-238.418335;-203.807541;1869.137573;1.283367;0.000000;0.000000;0.000000;0.000000;2.000000;-246.679932;-106.338524;1826.613647;1.335328;0.000000;0.000000;0.000000;0.000000;0.000000;-294.685669;-44.595207;1902.915039;0.774104;0.000000;0.000000;0.000000;0.000000;0.000000;-210.617310;-94.858192;1818.556519;2.412593;0.000000;0.000000;0.000000;0.000000;0.000000;79.893311;-129.286209;2044.577637;0.055755;0.000000;0.000000;0.000000;0.000000;2.000000;-57.456421;258.229919;2068.744873;0.266627;0.000000;0.000000;0.000000;0.000000;2.000000;-205.433960;618.133118;2127.838379;0.620136;0.000000;0.000000;0.000000;0.000000;2.000000;-190.907837;753.951355;1991.875854;0.335158;0.000000;0.000000;0.000000;0.000000;2.000000;-72.043213;-168.678528;1959.802368;0.050277;0.000000;0.000000;0.000000;0.000000;2.000000;-153.527588;226.808594;1881.042847;1.219108;0.000000;0.000000;0.000000;0.000000;2.000000;-273.367554;598.686523;1955.482788;3.655136;0.000000;0.000000;0.000000;0.000000;2.000000;-256.001099;700.423584;1811.296631;4.296632;0.000000;0.000000;0.000000;0.000000;2.000000;131.200562;-771.022217;1996.734985;0.766005;0.000000;0.000000;0.000000;0.000000;2.000000;205.727051;-779.619873;1849.428589;0.897813;0.000000;0.000000;0.000000;0.000000;2.000000;221.161133;-818.532104;1888.967041;0.853970;0.000000;0.000000;0.000000;0.000000;2.000000;223.274048;-822.338684;2019.311523;0.688433;0.000000;0.000000;0.000000;0.000000;2.000000;174.711914;-821.019531;1861.960693;0.916578;0.000000;0.000000;0.000000;0.000000;2.000000;71.379883;-845.498413;1944.974121;0.894049;0.000000;0.000000;0.000000;0.000000;2.000000;9099666432.000000
0.000000;-150.000000;2000.000000;0.000000;0.000000;0.000000;0.000000;0.000000;2.000000;54.225098;-327.487732;1991.298096;0.112306;0.000000;0.000000;0.000000;0.000000;2.000000;95.813843;-470.023193;1987.395752;0.190596;0.000000;0.000000;0.000000;0.000000;2.000000;121.589844;-694.062744;2003.497681;0.224696;0.000000;0.000000;0.000000;0.000000;2.000000;148.561646;-652.654907;2016.279541;0.221789;0.000000;0.000000;0.000000;0.000000;2.000000;271.709229;-588.096924;2069.468018;0.560307;0.000000;0.000000;0.000000;0.000000;2.000000;327.231934;-318.696838;1984.860596;1.217706;0.000000;0.000000;0.000000;0.000000;2.000000;239.059570;-235.671982;1775.880981;1.123983;0.000000;0.000000;0.000000;0.000000;2.000000;147.947144;-248.525513;1736.017456;1.618416;0.000000;0.000000;0.000000;0.000000;2.000000;94.314575;-288.410339;1826.543823;3.104221;0.000000;0.000000;0.000000;0.000000;2.000000;109.429199;-276.698486;1823.822754;2.812069;0.000000;0.000000;0.000000;0.000000;2.000000;85.292236;-661.380371;1987.428955;0.224666;0.000000;0.000000;0.000000;0.000000;2.000000;-35.640381;-643.974976;1925.552246;0.442904;0.000000;0.000000;0.000000;0.000000;2.000000;-225.930786;-422.477417;1952.184326;0.649267;0.000000;0.000000;0.000000;0.000000;2.000000;-234.254639;-206.265533;1838.125366;0.928825;0.000000;0.000000;0.000000;0.000000;2.000000;-253.901123;-111.766808;1789.731689;1.123705;0.000000;0.000000;0.000000;0.000000;0.000000;-342.928467;-100.969101;1854.472046;2.622281;0.000000;0.000000;0.000000;0.000000;0.000000;-207.163208;-85.013855;1809.179077;0.415121;0.000000;0.000000;0.000000;0.000000;0.000000;78.111206;-128.565598;2049.556641;0.157943;0.000000;0.000000;0.000000;0.000000;2.000000;-62.928711;263.255493;2069.410400;0.220750;0.000000;0.000000;0.000000;0.000000;2.000000;-213.802246;629.103271;2115.686768;0.544085;0.000000;0.000000;0.000000;0.000000;2.000000;-169.253296;761.662720;1979.654541;0.770405;0.000000;0.000000;0.000000;0.000000;2.000000;-70.436157;-169.328339;1955.312500;0.142427;0.000000;0.000000;0.000000;0.000000;2.000000;-146.198975;238.355515;1916.709473;1.130409;0.000000;0.000000;0.000000;0.000000;2.000000;-233.623535;631.288086;1908.507324;2.060718;0.000000;0.000000;0.000000;0.000000;2.000000;-166.626709;703.780518;1758.590454;3.072097;0.000000;0.000000;0.000000;0.000000;2.000000;136.977051;-777.457764;1996.783569;0.255916;0.000000;0.000000;0.000000;0.000000;2.000000;233.441772;-786.534424;1860.346924;0.904943;0.000000;0.000000;0.000000;0.000000;2.000000;239.748657;-828.603882;1900.196655;0.708401;0.000000;0.000000;0.000000;0.000000;2.000000;221.405396;-837.749756;2030.614868;0.568273;0.000000;0.000000;0.000000;0.000000;2.000000;197.403442;-826.177856;1866.056152;0.699221;0.000000;0.000000;0.000000;0.000000;2.000000;79.622559;-845.513184;1932.168335;0.450676;0.000000;0.000000;0.000000;0.000000;2.000000;9099700224.000000
0.000000;-150.000000;2000.000000;0.000000;0.000000;0.000000;0.000000;0.000000;2.000000;57.417236;-331.410461;1986.093628;0.221466;0.000000;0.000000;0.000000;0.000000;2.000000;96.673340;-478.796814;1985.634399;0.274349;0.000000;0.000000;0.000000;0.000000;2.000000;130.039185;-707.360596;2009.077271;0.510069;0.000000;0.000000;0.000000;0.000000;2.000000;155.535400;-663.606995;2022.607788;0.440795;0.000000;0.000000;0.000000;0.000000;2.000000;277.327393;-600.294250;2089.902344;0.746216;0.000000;0.000000;0.000000;0.000000;2.000000;349.553406;-322.256073;2020.541382;1.288996;0.000000;0.000000;0.000000;0.000000;2.000000;277.190063;-279.719482;1787.142944;1.810839;0.000000;0.000000;0.000000;0.000000;2.000000;182.783813;-282.161865;1746.087524;1.509434;0.000000;0.000000;0.000000;0.000000;2.000000;126.458496;-331.251709;1834.236816;1.651279;0.000000;0.000000;0.000000;0.000000;2.000000;131.597046;-319.414398;1800.003662;1.638715;0.000000;0.000000;0.000000;0.000000;2.000000;92.576050;-675.510376;1989.840210;0.490683;0.000000;0.000000;0.000000;0.000000;2.000000;-23.568481;-662.930969;1911.538574;0.808251;0.000000;0.000000;0.000000;0.000000;2.000000;-238.555054;-452.304016;1920.788696;1.376571;0.000000;0.000000;0.000000;0.000000;2.000000;-228.399048;-233.408173;1798.030762;1.488366;0.000000;0.000000;0.000000;0.000000;2.000000;-249.747925;-128.469849;1769.295532;0.815383;0.000000;0.000000;0.000000;0.000000;0.000000;-328.889160;-80.079643;1834.837891;0.974162;0.000000;0.000000;0.000000;0.000000;0.000000;-217.390259;-98.203125;1789.421387;0.789288;0.000000;0.000000;0.000000;0.000000;0.000000;78.704468;-129.204483;2053.678711;0.128579;0.000000;0.000000;0.000000;0.000000;2.000000;-74.754028;270.391235;2045.928589;0.831374;0.000000;0.000000;0.000000;0.000000;2.000000;-234.020630;646.937439;2061.767578;1.839711;0.000000;0.000000;0.000000;0.000000;2.000000;-178.151489;769.601501;1913.549316;2.049932;0.000000;0.000000;0.000000;0.000000;2.000000;-70.971436;-168.752243;1951.595825;0.115935;0.000000;0.000000;0.000000;0.000000;2.000000;-152.119751;248.200897;2001.163940;2.601083;0.000000;0.000000;0.000000;0.000000;2.000000;-243.886475;643.542969;2080.080811;5.258682;0.000000;0.000000;0.000000;0.000000;2.000000;-190.384399;772.545837;1959.784546;6.529062;0.000000;0.000000;0.000000;0.000000;2.000000;149.090332;-792.520752;2005.087524;0.642017;0.000000;0.000000;0.000000;0.000000;2.000000;236.489136;-787.656677;1857.211792;0.137752;0.000000;0.000000;0.000000;0.000000;2.000000;251.427246;-830.415894;1896.344116;0.379346;0.000000;0.000000;0.000000;0.000000;2.000000;245.100830;-844.133911;2031.069946;0.749042;0.000000;0.000000;0.000000;0.000000;2.000000;205.174683;-832.599731;1865.005127;0.309324;0.000000;0.000000;0.000000;0.000000;2.000000;93.526245;-867.899719;1941.950073;0.857838;0.000000;0.000000;0.000000;0.000000;2.000000;9099732992.000000
0.000000;-150.000000;2000.000000;0.000000;0.000000;0.000000;0.000000;0.000000;2.000000;58.621216;-332.064087;1997.679565;0.345249;0.000000;0.000000;0.000000;0.000000;2.000000;102.061646;-478.667175;2000.004272;0.454174;0.000000;0.000000;0.000000;0.000000;2.000000;130.807739;-709.184937;2014.828613;0.179998;0.000000;0.000000;0.000000;0.000000;2.000000;156.192139;-666.412598;2031.797852;0.285014;0.000000;0.000000;0.000000;0.000000;2.000000;272.723267;-603.543701;2108.998047;0.589189;0.000000;0.000000;0.000000;0.000000;2.000000;345.767212;-321.541809;2054.902344;1.023210;0.000000;0.000000;0.000000;0.000000;2.000000;284.440796;-284.114136;1816.829224;0.913628;0.000000;0.000000;0.000000;0.000000;2.000000;198.130859;-285.004028;1760.181519;0.622329;0.000000;0.000000;0.000000;0.000000;2.000000;130.980469;-295.456421;1854.009155;1.217519;0.000000;0.000000;0.000000;0.000000;2.000000;138.706787;-333.730896;1841.416016;1.313632;0.000000;0.000000;0.000000;0.000000;2.000000;94.867310;-675.783264;1994.951416;0.165954;0.000000;0.000000;0.000000;0.000000;2.000000;-21.094604;-664.311218;1915.559814;0.145564;0.000000;0.000000;0.000000;0.000000;2.000000;-231.951538;-448.305847;1910.974976;0.369497;0.000000;0.000000;0.000000;0.000000;2.000000;-225.584473;-232.206497;1781.837158;0.487697;0.000000;0.000000;0.000000;0.000000;2.000000;-253.689819;-125.137894;1771.645996;0.167834;0.000000;0.000000;0.000000;0.000000;0.000000;-337.634521;-74.214272;1829.334229;0.351612;0.000000;0.000000;0.000000;0.000000;0.000000;-206.393677;-103.091354;1788.966919;0.356377;0.000000;0.000000;0.000000;0.000000;0.000000;70.893433;-127.984505;2063.616943;0.375804;0.000000;0.000000;0.000000;0.000000;2.000000;-72.794434;276.031738;2082.694824;1.102272;0.000000;0.000000;0.000000;0.000000;2.000000;-228.979126;652.897583;2125.736816;1.907073;0.000000;0.000000;0.000000;0.000000;2.000000;-153.680176;796.398499;2007.066162;2.968488;0.000000;0.000000;0.000000;0.000000;2.000000;-63.927612;-169.852341;1942.633911;0.338888;0.000000;0.000000;0.000000;0.000000;2.000000;-33.498413;247.962891;1851.269653;5.656746;0.000000;0.000000;0.000000;0.000000;2.000000;-25.902466;657.646179;1788.538940;10.780581;0.000000;0.000000;0.000000;0.000000;2.000000;71.908447;723.773132;1646.369019;12.180075;0.000000;0.000000;0.000000;0.000000;2.000000;148.866577;-794.613464;2007.999512;0.106325;0.000000;0.000000;0.000000;0.000000;2.000000;257.224243;-782.879089;1874.568237;0.812599;0.000000;0.000000;0.000000;0.000000;2.000000;266.363770;-827.737671;1913.370728;0.674935;0.000000;0.000000;0.000000;0.000000;2.000000;240.355835;-848.162537;2045.208740;0.457159;0.000000;0.000000;0.000000;0.000000;2.000000;225.087646;-828.085388;1875.441772;0.678591;0.000000;0.000000;0.000000;0.000000;2.000000;103.121948;-866.611267;1933.529785;0.379710;0.000000;0.000000;0.000000;0.000000;2.000000;9099766784.000000
0.000000;-150.000000;2000.000000;0.000000;0.000000;0.000000;0.000000;0.000000;2.000000;52.746216;-332.343323;1997.254395;0.179962;0.000000;0.000000;0.000000;0.000000;2.000000;92.839478;-478.718597;1997.196533;0.294197;0.000000;0.000000;0.000000;0.000000;2.000000;122.289063;-707.275757;2013.440430;0.269765;0.000000;0.000000;0.000000;0.000000;2.000000;146.577881;-664.629883;2031.093628;0.299178;0.000000;0.000000;0.000000;0.000000;2.000000;256.870728;-602.939331;2115.759521;0.526272;0.000000;0.000000;0.000000;0.000000;2.000000;321.535461;-318.242188;2080.654541;1.083800;0.000000;0.000000;0.000000;0.000000;2.000000;266.139771;-292.513153;1841.531738;0.972590;0.000000;0.000000;0.000000;0.000000;2.000000;191.804443;-290.050323;1771.054321;0.413630;0.000000;0.000000;0.000000;0.000000;2.000000;122.212524;-299.019653;1862.140625;0.380791;0.000000;0.000000;0.000000;0.000000;2.000000;121.078369;-335.835846;1859.815796;0.780286;0.000000;0.000000;0.000000;0.000000;2.000000;87.148560;-674.398499;1992.355713;0.252088;0.000000;0.000000;0.000000;0.000000;2.000000;-23.177856;-664.140747;1906.882935;0.272372;0.000000;0.000000;0.000000;0.000000;2.000000;-229.098633;-447.503845;1886.047607;0.766080;0.000000;0.000000;0.000000;0.000000;2.000000;-239.288330;-237.779129;1750.497314;1.057616;0.000000;0.000000;0.000000;0.000000;2.000000;-246.597290;-127.907623;1757.309692;0.495387;0.000000;0.000000;0.000000;0.000000;0.000000;-320.401001;-77.141739;1826.219849;0.541860;0.000000;0.000000;0.000000;0.000000;0.000000;-221.385010;-114.117058;1763.026978;0.974265;0.000000;0.000000;0.000000;0.000000;0.000000;65.830078;-131.995895;2068.964844;0.255927;0.000000;0.000000;0.000000;0.000000;2.000000;-78.974121;267.446320;2099.716064;0.611587;0.000000;0.000000;0.000000;0.000000;2.000000;-265.876709;620.999146;2175.945313;2.136194;0.000000;0.000000;0.000000;0.000000;2.000000;-180.171875;773.544067;2080.430176;2.480464;0.000000;0.000000;0.000000;0.000000;2.000000;-59.361816;-166.235107;1937.811279;0.230784;0.000000;0.000000;0.000000;0.000000;2.000000;-8.617065;243.787292;1835.908203;0.901427;0.000000;0.000000;0.000000;0.000000;2.000000;16.956665;647.481689;1760.906372;1.586850;0.000000;0.000000;0.000000;0.000000;2.000000;136.481323;710.996094;1637.140015;2.028463;0.000000;0.000000;0.000000;0.000000;2.000000;140.992920;-791.953674;2007.506104;0.254071;0.000000;0.000000;0.000000;0.000000;2.000000;265.087402;-799.205750;1890.098755;0.728333;0.000000;0.000000;0.000000;0.000000;2.000000;262.613403;-843.563782;1929.766602;0.704788;0.000000;0.000000;0.000000;0.000000;2.000000;217.656616;-856.574707;2056.283691;0.812406;0.000000;0.000000;0.000000;0.000000;2.000000;227.172363;-839.010742;1887.124268;0.492261;0.000000;0.000000;0.000000;0.000000;2.000000;95.505615;-858.050232;1928.821411;0.378059;0.000000;0.000000;0.000000;0.000000;2.000000;9099799552.000000
0.000000;-150.000000;2000.000000;0.000000;0.000000;0.000000;0.000000;0.000000;2.000000;48.101807;-327.625427;1993.647095;0.223110;0.000000;0.000000;0.000000;0.000000;2.000000;78.649170;-471.601929;1996.300781;0.470529;0.000000;0.000000;0.000000;0.000000;2.000000;111.731079;-692.970459;2006.840332;0.561230;0.000000;0.000000;0.000000;0.000000;2.000000;133.890625;-651.595154;2025.714355;0.561334;0.000000;0.000000;0.000000;0.000000;2.000000;234.583618;-593.678284;2116.681641;0.714734;0.000000;0.000000;0.000000;0.000000;2.000000;287.277527;-313.399414;2112.960938;1.400825;0.000000;0.000000;0.000000;0.000000;2.000000;257.896057;-273.155212;1878.822266;1.267067;0.000000;0.000000;0.000000;0.000000;2.000000;208.824463;-254.977478;1794.330933;1.343652;0.000000;0.000000;0.000000;0.000000;2.000000;132.879028;-269.205933;1874.750122;1.008603;0.000000;0.000000;0.000000;0.000000;2.000000;118.809570;-312.447632;1876.233521;0.848286;0.000000;0.000000;0.000000;0.000000;2.000000;77.503418;-661.273315;1986.330444;0.513930;0.000000;0.000000;0.000000;0.000000;2.000000;-25.700439;-646.856201;1899.357056;0.562853;0.000000;0.000000;0.000000;0.000000;2.000000;-232.942383;-446.240906;1863.886841;0.666639;0.000000;0.000000;0.000000;0.000000;2.000000;-246.618530;-241.164108;1735.355591;0.507809;0.000000;0.000000;0.000000;0.000000;2.000000;-261.153809;-135.148346;1735.888428;0.795816;0.000000;0.000000;0.000000;0.000000;0.000000;-332.059937;-66.819107;1784.054199;1.330173;0.000000;0.000000;0.000000;0.000000;0.000000;-219.002563;-120.553505;1753.845337;0.339230;0.000000;0.000000;0.000000;0.000000;0.000000;63.100098;-135.353851;2068.267090;0.129722;0.000000;0.000000;0.000000;0.000000;2.000000;-50.693237;261.852966;2069.371826;1.238616;0.000000;0.000000;0.000000;0.000000;2.000000;-237.144043;595.780823;2167.645996;1.157683;0.000000;0.000000;0.000000;0.000000;1.000000;-188.022461;763.185669;2084.290039;0.401227;0.000000;0.000000;0.000000;0.000000;1.000000;-56.900146;-163.207077;1938.440674;0.116976;0.000000;0.000000;0.000000;0.000000;2.000000;2.290405;234.511978;1845.316528;0.506997;0.000000;0.000000;0.000000;0.000000;2.000000;36.437378;626.317444;1777.864014;0.988145;0.000000;0.000000;0.000000;0.000000;2.000000;154.191162;702.839661;1668.662231;1.096858;0.000000;0.000000;0.000000;0.000000;2.000000;131.853027;-774.501526;1999.367920;0.630782;0.000000;0.000000;0.000000;0.000000;2.000000;240.847290;-787.053772;1874.997070;0.918481;0.000000;0.000000;0.000000;0.000000;2.000000;246.187622;-824.589355;1918.583862;0.813069;0.000000;0.000000;0.000000;0.000000;2.000000;215.945801;-824.112183;2045.881470;1.010042;0.000000;0.000000;0.000000;0.000000;2.000000;207.735107;-828.523987;1880.929810;0.678799;0.000000;0.000000;0.000000;0.000000;2.000000;86.790527;-851.586243;1936.848511;0.399415;0.000000;0.000000;0.000000;0.000000;2.000000;9099833344.000000
0.000000;-150.000000;2000.000000;0.000000;0.000000;0.000000;0.000000;0.000000;2.000000;43.254517;-328.325073;1993.349365;0.145199;0.000000;0.000000;0.000000;0.000000;2.000000;71.462402;-472.381042;1993.826538;0.226106;0.000000;0.000000;0.000000;0.000000;2.000000;100.485596;-693.665649;2004.738647;0.339172;0.000000;0.000000;0.000000;0.000000;2.000000;122.685669;-652.817383;2024.319946;0.336096;0.000000;0.000000;0.000000;0.000000;2.000000;221.835327;-597.415039;2117.842773;0.394629;0.000000;0.000000;0.000000;0.000000;2.000000;269.422302;-318.975342;2150.978027;1.253841;0.000000;0.000000;0.000000;0.000000;2.000000;273.672974;-236.125977;1927.146240;1.861122;0.000000;0.000000;0.000000;0.000000;2.000000;248.756531;-187.494156;1844.466064;2.754214;0.000000;0.000000;0.000000;0.000000;2.000000;162.774536;-167.848404;1912.207520;3.317846;0.000000;0.000000;0.000000;0.000000;2.000000;132.189819;-250.395828;1908.157104;2.102667;0.000000;0.000000;0.000000;0.000000;2.000000;67.505981;-661.454224;1983.358398;0.308695;0.000000;0.000000;0.000000;0.000000;2.000000;-36.066528;-648.677734;1897.163452;0.318155;0.000000;0.000000;0.000000;0.000000;2.000000;-232.830322;-442.425415;1844.963745;0.571267;0.000000;0.000000;0.000000;0.000000;2.000000;-247.022949;-243.881302;1707.801514;0.819445;0.000000;0.000000;0.000000;0.000000;2.000000;-286.634766;-146.767609;1727.463867;0.865436;0.000000;0.000000;0.000000;0.000000;0.000000;-342.049561;-67.532776;1778.456421;0.339528;0.000000;0.000000;0.000000;0.000000;0.000000;-228.178833;-120.335854;1730.933594;0.730408;0.000000;0.000000;0.000000;0.000000;2.000000;61.020386;-137.818848;2070.249756;0.112033;0.000000;0.000000;0.000000;0.000000;2.000000;-62.004272;254.843063;2091.431641;0.762389;0.000000;0.000000;0.000000;0.000000;2.000000;-244.150269;593.917297;2174.543457;0.296128;0.000000;0.000000;0.000000;0.000000;1.000000;-189.261719;762.148987;2097.983887;0.408050;0.000000;0.000000;0.000000;0.000000;1.000000;-55.024780;-160.984268;1936.652588;0.101029;0.000000;0.000000;0.000000;0.000000;2.000000;15.838989;236.528824;1856.880737;0.530498;0.000000;0.000000;0.000000;0.000000;2.000000;60.483521;627.955994;1800.960205;0.987857;0.000000;0.000000;0.000000;0.000000;2.000000;176.097412;711.079834;1695.161987;1.046273;0.000000;0.000000;0.000000;0.000000;2.000000;119.424683;-775.272522;1997.677002;0.371879;0.000000;0.000000;0.000000;0.000000;2.000000;239.199402;-784.987244;1884.050415;0.279098;0.000000;0.000000;0.000000;0.000000;2.000000;240.636108;-823.281250;1927.062866;0.302403;0.000000;0.000000;0.000000;0.000000;2.000000;198.836182;-825.466187;2050.641113;0.527073;0.000000;0.000000;0.000000;0.000000;2.000000;205.956177;-826.536316;1886.046875;0.170768;0.000000;0.000000;0.000000;0.000000;2.000000;80.802246;-850.968872;1929.904053;0.271974;0.000000;0.000000;0.000000;0.000000;2.000000;9099867136.000000
0.000000;-150.000000;2000.000000;0.000000;0.000000;0.000000;0.000000;0.000000;2.000000;43.326294;-328.565002;1991.073853;0.069862;0.000000;0.000000;0.000000;0.000000;2.000000;67.828003;-473.569702;1992.717285;0.121505;0.000000;0.000000;0.000000;0.000000;2.000000;95.433716;-695.665283;1998.031982;0.263406;0.000000;0.000000;0.000000;0.000000;2.000000;117.339111;-655.455505;2019.428101;0.235353;0.000000;0.000000;0.000000;0.000000;2.000000;213.838501;-607.278442;2119.902588;0.392574;0.000000;0.000000;0.000000;0.000000;2.000000;229.327393;-327.997009;2174.294922;1.441990;0.000000;0.000000;0.000000;0.000000;2.000000;269.023132;-206.676636;1972.048340;1.644862;0.000000;0.000000;0.000000;0.000000;2.000000;253.868958;-148.918365;1892.718018;1.891716;0.000000;0.000000;0.000000;0.000000;2.000000;156.029175;-124.392365;1940.049683;1.588414;0.000000;0.000000;0.000000;0.000000;2.000000;131.166870;-216.681717;1927.650879;1.188892;0.000000;0.000000;0.000000;0.000000;2.000000;63.165405;-662.592346;1976.653687;0.246209;0.000000;0.000000;0.000000;0.000000;2.000000;-39.849487;-644.789978;1890.280884;0.267434;0.000000;0.000000;0.000000;0.000000;2.000000;-226.678955;-434.090454;1819.582031;0.836617;0.000000;0.000000;0.000000;0.000000;2.000000;-244.636597;-236.890381;1680.136963;0.873834;0.000000;0.000000;0.000000;0.000000;2.000000;-303.325317;-152.044189;1708.181763;0.794757;0.000000;0.000000;0.000000;0.000000;2.000000;-363.446045;-76.147972;1759.363647;0.913779;0.000000;0.000000;0.000000;0.000000;0.000000;-252.133667;-109.123474;1685.146484;1.613688;0.000000;0.000000;0.000000;0.000000;2.000000;59.747681;-139.090881;2071.772949;0.071946;0.000000;0.000000;0.000000;0.000000;2.000000;-91.600098;238.121140;2143.973633;1.909775;0.000000;0.000000;0.000000;0.000000;2.000000;-256.008545;586.028564;2230.989746;1.776593;0.000000;0.000000;0.000000;0.000000;2.000000;-191.469482;754.092041;2160.948242;1.938358;0.000000;0.000000;0.000000;0.000000;1.000000;-53.877075;-159.837234;1935.279175;0.064875;0.000000;0.000000;0.000000;0.000000;2.000000;14.856201;240.380386;1863.563965;0.237304;0.000000;0.000000;0.000000;0.000000;2.000000;57.344971;633.774841;1814.893433;0.470648;0.000000;0.000000;0.000000;0.000000;2.000000;180.785278;720.817017;1721.222046;0.860961;0.000000;0.000000;0.000000;0.000000;2.000000;114.169189;-777.301697;1989.120483;0.312640;0.000000;0.000000;0.000000;0.000000;2.000000;233.674011;-786.170837;1874.689087;0.333697;0.000000;0.000000;0.000000;0.000000;2.000000;236.669922;-823.278992;1918.792480;0.279914;0.000000;0.000000;0.000000;0.000000;2.000000;195.703491;-823.471191;2042.927856;0.261256;0.000000;0.000000;0.000000;0.000000;2.000000;201.781982;-828.804565;1878.063599;0.283504;0.000000;0.000000;0.000000;0.000000;2.000000;77.565552;-856.200256;1923.587036;0.269089;0.000000;0.000000;0.000000;0.000000;2.000000;9099899904.000000
0.000000;-150.000000;2000.000000;0.000000;0.000000;0.000000;0.000000;0.000000;2.000000;43.342407;-329.198334;1988.159180;0.088267;0.000000;0.000000;0.000000;0.000000;2.000000;61.171753;-475.749939;1992.461548;0.207413;0.000000;0.000000;0.000000;0.000000;2.000000;87.202637;-699.057861;1992.493530;0.310280;0.000000;0.000000;0.000000;0.000000;2.000000;108.929077;-659.434082;2015.605347;0.297656;0.000000;0.000000;0.000000;0.000000;2.000000;201.676636;-611.750793;2120.666016;0.384132;0.000000;0.000000;0.000000;0.000000;2.000000;211.023010;-329.346130;2165.930908;0.596886;0.000000;0.000000;0.000000;0.000000;2.000000;254.914673;-146.502594;2016.507568;2.253058;0.000000;0.000000;0.000000;0.000000;2.000000;235.731934;-67.591049;1958.645630;3.144301;0.000000;0.000000;0.000000;0.000000;2.000000;131.194824;-88.813316;1992.437378;2.012982;0.000000;0.000000;0.000000;0.000000;2.000000;120.059448;-108.386124;1979.147827;3.563844;0.000000;0.000000;0.000000;0.000000;2.000000;55.582642;-665.036804;1971.117310;0.287104;0.000000;0.000000;0.000000;0.000000;2.000000;-51.594971;-644.630798;1889.615479;0.348171;0.000000;0.000000;0.000000;0.000000;2.000000;-230.295776;-430.409698;1804.810791;0.463029;0.000000;0.000000;0.000000;0.000000;2.000000;-218.792725;-239.658508;1654.354858;1.083390;0.000000;0.000000;0.000000;0.000000;2.000000;-282.817383;-156.484802;1676.941406;1.113671;0.000000;0.000000;0.000000;0.000000;2.000000;-349.827393;-75.681137;1709.759155;1.522316;0.000000;0.000000;0.000000;0.000000;2.000000;-245.197754;-115.077377;1641.749146;1.312428;0.000000;0.000000;0.000000;0.000000;2.000000;58.425903;-140.731430;2073.593750;0.082403;0.000000;0.000000;0.000000;0.000000;2.000000;-84.392090;244.302582;2130.272949;0.493299;0.000000;0.000000;0.000000;0.000000;2.000000;-277.505493;574.599426;2233.129883;0.723255;0.000000;0.000000;0.000000;0.000000;2.000000;-217.179688;748.443176;2171.699463;0.841453;0.000000;0.000000;0.000000;0.000000;1.000000;-52.685181;-158.357880;1933.637329;0.074305;0.000000;0.000000;0.000000;0.000000;2.000000;2.870728;246.899384;1869.053833;0.435213;0.000000;0.000000;0.000000;0.000000;2.000000;31.909180;643.911743;1826.321777;0.878036;0.000000;0.000000;0.000000;0.000000;2.000000;161.264771;723.050781;1732.185913;0.665836;0.000000;0.000000;0.000000;0.000000;2.000000;105.669189;-780.914063;1981.818237;0.348419;0.000000;0.000000;0.000000;0.000000;2.000000;222.995178;-792.136047;1864.356201;0.473845;0.000000;0.000000;0.000000;0.000000;2.000000;228.930664;-826.082581;1910.959839;0.336248;0.000000;0.000000;0.000000;0.000000;2.000000;191.047852;-819.596863;2036.484253;0.261701;0.000000;0.000000;0.000000;0.000000;2.000000;193.168823;-836.056274;1871.552734;0.384894;0.000000;0.000000;0.000000;0.000000;2.000000;71.107300;-866.114136;1922.598755;0.351359;0.000000;0.000000;0.000000;0.000000;2.000000;9099933696.000000
0.000000;-150.000000;2000.000000;0.000000;0.000000;0.000000;0.000000;0.000000;2.000000;40.117798;-329.447632;1984.181030;0.156463;0.000000;0.000000;0.000000;0.000000;2.000000;62.334351;-475.233429;1979.474976;0.398216;0.000000;0.000000;0.000000;0.000000;2.000000;84.988770;-698.660278;1982.307861;0.318331;0.000000;0.000000;0.000000;0.000000;2.000000;106.628906;-659.178040;2005.628052;0.312567;0.000000;0.000000;0.000000;0.000000;2.000000;199.199219;-604.050293;2106.921875;0.486692;0.000000;0.000000;0.000000;0.000000;2.000000;200.224304;-326.323486;2174.658447;0.433649;0.000000;0.000000;0.000000;0.000000;2.000000;243.976257;-132.093155;2040.762329;0.923415;0.000000;0.000000;0.000000;0.000000;2.000000;252.498596;-34.602406;2022.171143;2.243584;0.000000;0.000000;0.000000;0.000000;2.000000;253.835754;74.484818;1997.821533;6.234560;0.000000;0.000000;0.000000;0.000000;2.000000;174.826782;-31.295105;2007.778442;3.015254;0.000000;0.000000;0.000000;0.000000;2.000000;54.521973;-664.422363;1959.760132;0.348606;0.000000;0.000000;0.000000;0.000000;2.000000;-50.116211;-640.967834;1876.041260;0.431436;0.000000;0.000000;0.000000;0.000000;2.000000;-207.758179;-415.189240;1781.088989;1.101312;0.000000;0.000000;0.000000;0.000000;2.000000;-205.526855;-222.660065;1632.892944;0.928429;0.000000;0.000000;0.000000;0.000000;2.000000;-259.035522;-129.990845;1640.166138;1.562049;0.000000;0.000000;0.000000;0.000000;2.000000;-315.592529;-50.171265;1690.186279;1.433312;0.000000;0.000000;0.000000;0.000000;2.000000;-210.711182;-95.961456;1620.985229;1.359962;0.000000;0.000000;0.000000;0.000000;2.000000;58.109009;-143.534119;2074.019287;0.087050;0.000000;0.000000;0.000000;0.000000;2.000000;-59.966553;251.674957;2111.137695;0.973275;0.000000;0.000000;0.000000;0.000000;2.000000;-251.554199;584.075867;2208.356934;1.132433;0.000000;0.000000;0.000000;0.000000;2.000000;-186.445557;755.843506;2146.596191;1.231915;0.000000;0.000000;0.000000;0.000000;1.000000;-52.399414;-155.830566;1933.253540;0.078498;0.000000;0.000000;0.000000;0.000000;2.000000;-5.502808;251.023712;1874.848877;0.335289;0.000000;0.000000;0.000000;0.000000;2.000000;13.496948;648.816406;1837.959717;0.681375;0.000000;0.000000;0.000000;0.000000;2.000000;148.262634;728.613647;1752.736328;0.761302;0.000000;0.000000;0.000000;0.000000;2.000000;102.502441;-780.794556;1972.925293;0.288108;0.000000;0.000000;0.000000;0.000000;2.000000;217.697754;-793.914185;1853.803467;0.364407;0.000000;0.000000;0.000000;0.000000;2.000000;224.024719;-827.605164;1900.467285;0.356521;0.000000;0.000000;0.000000;0.000000;2.000000;188.257629;-819.984619;2026.407715;0.319302;0.000000;0.000000;0.000000;0.000000;2.000000;187.575073;-837.436768;1861.736328;0.347361;0.000000;0.000000;0.000000;0.000000;2.000000;66.169312;-865.901367;1914.849243;0.280503;0.000000;0.000000;0.000000;0.000000;2.000000;9099966464.000000
0.000000;-150.000000;2000.000000;0.000000;0.000000;0.000000;0.000000;0.000000;2.000000;41.951904;-329.488861;1982.826904;0.067477;0.000000;0.000000;0.000000;0.000000;2.000000;68.589966;-474.820282;1974.303223;0.240505;0.000000;0.000000;0.000000;0.000000;2.000000;91.888184;-698.864014;1977.966064;0.241312;0.000000;0.000000;0.000000;0.000000;2.000000;112.483154;-659.207275;2002.256470;0.199923;0.000000;0.000000;0.000000;0.000000;2.000000;205.068787;-605.985596;2105.207764;0.189799;0.000000;0.000000;0.000000;0.000000;2.000000;201.407837;-326.686340;2170.045166;0.141349;0.000000;0.000000;0.000000;0.000000;2.000000;243.080811;-101.400955;2096.338867;1.878983;0.000000;0.000000;0.000000;0.000000;2.000000;244.793335;-2.224838;2108.382324;2.734741;0.000000;0.000000;0.000000;0.000000;2.000000;246.816467;77.006508;2029.072632;0.950782;0.000000;0.000000;0.000000;0.000000;2.000000;205.520386;23.658981;2068.166016;2.581318;0.000000;0.000000;0.000000;0.000000;2.000000;62.180298;-664.602417;1954.122192;0.281472;0.000000;0.000000;0.000000;0.000000;2.000000;-36.822144;-643.093567;1862.699463;0.560902;0.000000;0.000000;0.000000;0.000000;2.000000;-180.864624;-408.714142;1764.291870;0.957698;0.000000;0.000000;0.000000;0.000000;2.000000;-175.063721;-215.290222;1616.129761;1.051824;0.000000;0.000000;0.000000;0.000000;2.000000;-192.641113;-111.883125;1592.200928;2.482406;0.000000;0.000000;0.000000;0.000000;2.000000;-273.417358;-57.355270;1643.661499;1.870422;0.000000;0.000000;0.000000;0.000000;2.000000;-165.154297;-94.151207;1596.401123;1.532863;0.000000;0.000000;0.000000;0.000000;2.000000;55.888794;-144.220734;2076.126221;0.092829;0.000000;0.000000;0.000000;0.000000;2.000000;-50.724121;256.080353;2107.110107;0.325590;0.000000;0.000000;0.000000;0.000000;2.000000;-271.147705;573.321777;2198.679199;0.720762;0.000000;0.000000;0.000000;0.000000;2.000000;-212.560669;755.929810;2166.880859;0.978567;0.000000;0.000000;0.000000;0.000000;2.000000;-50.397583;-155.211426;1931.353760;0.083700;0.000000;0.000000;0.000000;0.000000;2.000000;-9.698486;254.623749;1880.611694;0.236324;0.000000;0.000000;0.000000;0.000000;2.000000;2.525146;654.494263;1850.589966;0.522832;0.000000;0.000000;0.000000;0.000000;2.000000;140.511963;728.593384;1764.233887;0.410335;0.000000;0.000000;0.000000;0.000000;2.000000;110.091187;-781.189270;1969.246704;0.249839;0.000000;0.000000;0.000000;0.000000;2.000000;229.680603;-789.224976;1853.331665;0.381047;0.000000;0.000000;0.000000;0.000000;2.000000;235.359070;-823.773193;1899.672607;0.354846;0.000000;0.000000;0.000000;0.000000;2.000000;195.295166;-819.478943;2024.895874;0.213537;0.000000;0.000000;0.000000;0.000000;2.000000;200.307800;-833.740356;1859.480347;0.397993;0.000000;0.000000;0.000000;0.000000;2.000000;77.629150;-866.242188;1908.239380;0.391626;0.000000;0.000000;0.000000;0.000000;2.000000;9100000256.000000
