{"class_name": "Sequential", "config": {"name": "sequential", "layers": [{"class_name": "InputLayer", "config": {"batch_input_shape": [null, 32, 120, 3, 1], "dtype": "float32", "sparse": false, "ragged": false, "name": "conv3d_input"}}, {"class_name": "Conv3D", "config": {"name": "conv3d", "trainable": true, "batch_input_shape": [null, 32, 120, 3, 1], "dtype": "float32", "filters": 20, "kernel_size": [3, 3, 1], "strides": [1, 1, 1], "padding": "valid", "data_format": "channels_last", "dilation_rate": [1, 1, 1], "groups": 1, "activation": "tanh", "use_bias": true, "kernel_initializer": {"class_name": "HeUniform", "config": {"seed": null}}, "bias_initializer": {"class_name": "Zeros", "config": {}}, "kernel_regularizer": null, "bias_regularizer": null, "activity_regularizer": null, "kernel_constraint": null, "bias_constraint": null}}, {"class_name": "MaxPooling3D", "config": {"name": "max_pooling3d", "trainable": true, "dtype": "float32", "pool_size": [2, 2, 1], "padding": "valid", "strides": [1, 1, 1], "data_format": "channels_last"}}, {"class_name": "Dropout", "config": {"name": "dropout", "trainable": true, "dtype": "float32", "rate": 0.2, "noise_shape": null, "seed": null}}, {"class_name": "Conv3D", "config": {"name": "conv3d_1", "trainable": true, "dtype": "float32", "filters": 50, "kernel_size": [2, 2, 1], "strides": [1, 1, 1], "padding": "valid", "data_format": "channels_last", "dilation_rate": [1, 1, 1], "groups": 1, "activation": "tanh", "use_bias": true, "kernel_initializer": {"class_name": "GlorotUniform", "config": {"seed": null}}, "bias_initializer": {"class_name": "Zeros", "config": {}}, "kernel_regularizer": null, "bias_regularizer": null, "activity_regularizer": null, "kernel_constraint": null, "bias_constraint": null}}, {"class_name": "MaxPooling3D", "config": {"name": "max_pooling3d_1", "trainable": true, "dtype": "float32", "pool_size": [2, 2, 1], "padding": "valid", "strides": [2, 2, 1], "data_format": "channels_last"}}, {"class_name": "Conv3D", "config": {"name": "conv3d_2", "trainable": true, "dtype": "float32", "filters": 100, "kernel_size": [3, 3, 1], "strides": [1, 1, 1], "padding": "valid", "data_format": "channels_last", "dilation_rate": [1, 1, 1], "groups": 1, "activation": "tanh", "use_bias": true, "kernel_initializer": {"class_name": "GlorotUniform", "config": {"seed": null}}, "bias_initializer": {"class_name": "Zeros", "config": {}}, "kernel_regularizer": null, "bias_regularizer": null, "activity_regularizer": null, "kernel_constraint": null, "bias_constraint": null}}, {"class_name": "MaxPooling3D", "config": {"name": "max_pooling3d_2", "trainable": true, "dtype": "float32", "pool_size": [2, 2, 1], "padding": "valid", "strides": [2, 2, 1], "data_format": "channels_last"}}, {"class_name": "Dropout", "config": {"name": "dropout_1", "trainable": true, "dtype": "float32", "rate": 0.2, "noise_shape": null, "seed": null}}, {"class_name": "Dense", "config": {"name": "dense", "trainable": true, "dtype": "float32", "units": 300, "activation": "linear", "use_bias": true, "kernel_initializer": {"class_name": "GlorotUniform", "config": {"seed": null}}, "bias_initializer": {"class_name": "Zeros", "config": {}}, "kernel_regularizer": null, "bias_regularizer": null, "activity_regularizer": null, "kernel_constraint": null, "bias_constraint": null}}, {"class_name": "Dropout", "config": {"name": "dropout_2", "trainable": true, "dtype": "float32", "rate": 0.2, "noise_shape": null, "seed": null}}, {"class_name": "Dense", "config": {"name": "dense_1", "trainable": true, "dtype": "float32", "units": 100, "activation": "linear", "use_bias": true, "kernel_initializer": {"class_name": "GlorotUniform", "config": {"seed": null}}, "bias_initializer": {"class_name": "Zeros", "config": {}}, "kernel_regularizer": null, "bias_regularizer": null, "activity_regularizer": null, "kernel_constraint": null, "bias_constraint": null}}, {"class_name": "Flatten", "config": {"name": "flatten", "trainable": true, "dtype": "float32", "data_format": "channels_last"}}, {"class_name": "Dense", "config": {"name": "dense_2", "trainable": true, "dtype": "float32", "units": 7, "activation": "softmax", "use_bias": true, "kernel_initializer": {"class_name": "GlorotUniform", "config": {"seed": null}}, "bias_initializer": {"class_name": "Zeros", "config": {}}, "kernel_regularizer": null, "bias_regularizer": null, "activity_regularizer": null, "kernel_constraint": null, "bias_constraint": null}}]}, "keras_version": "2.4.0", "backend": "tensorflow"}